customer_id,legacy_customer_ref,first_name,last_name,email,phone,date_of_birth,postcode,loyalty_member_id,acquisition_channel,gdpr_consent,gdpr_consent_date,is_active,created_at,updated_at
1,LCR000001,Grace,Miller,customer1@outlook.co.uk,07796316277,1985-10-05,EP5 9LW,NR0000001,store,True,2018-11-21,False,2023-08-25 10:40:00,2026-01-01 00:00:00
2,LCR000002,Daniel,Garcia,customer2@yahoo.co.uk,07799486328,1994-08-22,NK1 2BW,NR0000002,online,False,2024-08-04,True,2016-06-06 07:19:00,2026-01-01 00:00:00
3,LCR000003,Charlotte,Johnson,customer3@gmail.co.uk,07748024342,1973-11-05,RR6 9WJ,NR0000003,store,True,2020-03-20,True,2024-02-03 11:56:00,2026-01-01 00:00:00
4,LCR000004,Amelia,Smith,customer4@outlook.com,07724073380,1984-10-20,TJ4 5DR,NR0000004,store,True,2023-07-23,True,2024-03-14 13:14:00,2026-01-01 00:00:00
5,LCR000005,James,Miller,customer5@yahoo.co.uk,07753481198,1984-06-13,GB5 6PJ,NR0000005,online,True,,True,2017-12-05 11:37:00,2026-01-01 00:00:00
6,LCR000006,Daniel,Johnson,customer6@gmail.co.uk,07714549543,1993-12-26,IT7 9CW,,store,True,,True,2021-01-14 12:23:00,2026-01-01 00:00:00
7,LCR000007,Amelia,Williams,customer7@outlook.co.uk,07789152472,1984-08-15,OP2 5MR,NR0000007,freshmart_migration,True,2023-02-10,True,2019-04-02 11:39:00,2026-01-01 00:00:00
8,LCR000008,William,Taylor,customer8@yahoo.com,07754502486,1955-01-14,HF6 8KR,NR0000008,click_collect,True,2020-04-19,True,2018-03-08 22:42:00,2026-01-01 00:00:00
9,LCR000009,Samuel,Evans,customer9@gmail.co.uk,07744988206,1963-05-19,UT5 4UD,,online,True,2023-07-03,True,2022-01-23 12:45:00,2026-01-01 00:00:00
10,LCR000010,Joseph,Patel,customer10@outlook.co.uk,07766354180,1990-11-08,FP1 2TF,NR0000010,freshmart_migration,True,,True,2024-07-06 09:29:00,2026-01-01 00:00:00
11,LCR000011,David,Singh,customer11@yahoo.co.uk,07789600766,1983-06-20,XW9 7UN,NR0000011,freshmart_migration,True,2021-03-02,True,2018-02-09 22:31:00,2026-01-01 00:00:00
12,LCR000012,Samuel,Davis,customer12@gmail.com,07736855845,1994-06-18,BG5 6HM,,store,True,2020-10-17,True,2019-07-28 16:34:00,2026-01-01 00:00:00
13,LCR000013,Jack,Sharma,customer13@outlook.co.uk,07708357162,1973-07-22,UJ1 7LX,NR0000013,online,True,2023-02-04,True,2023-03-29 13:31:00,2026-01-01 00:00:00
14,LCR000014,Sophie,Wilson,customer14@yahoo.co.uk,07758496914,1998-07-27,AI7 3VX,NR0000014,online,False,2024-09-21,True,2015-12-10 19:08:00,2026-01-01 00:00:00
15,LCR000015,Poppy,Singh,customer15@gmail.co.uk,07724391257,1959-07-06,GH8 6IW,NR0000015,click_collect,True,2023-09-02,False,2021-01-18 07:22:00,2026-01-01 00:00:00
16,LCR000016,Sophie,Williams,customer16@outlook.com,07787477029,1958-08-12,TX4 1OF,NR0000016,store,True,2021-04-08,True,2016-11-18 09:49:00,2026-01-01 00:00:00
17,LCR000017,Henry,Garcia,customer17@yahoo.co.uk,07741746937,1964-09-12,NX7 7XE,NR0000017,click_collect,True,2021-10-11,True,2021-09-25 09:50:00,2026-01-01 00:00:00
18,LCR000018,William,Johnson,customer18@gmail.co.uk,07746600900,1993-06-07,PB6 1VU,,store,True,2020-02-10,True,2023-03-25 22:41:00,2026-01-01 00:00:00
19,LCR000019,Daniel,Evans,customer19@outlook.co.uk,07772232344,1998-05-18,LU5 6VU,,online,True,2025-03-28,True,2018-10-09 06:31:00,2026-01-01 00:00:00
20,LCR000020,Poppy,Ahmed,customer20@yahoo.com,07724406132,1998-09-28,FU6 5WR,NR0000020,store,True,2021-02-06,True,2020-06-24 13:44:00,2026-01-01 00:00:00
21,LCR000021,Jessica,Murphy,customer21@gmail.co.uk,07760152969,1956-07-19,CF4 5PI,NR0000021,store,True,2022-02-07,True,2020-02-02 14:19:00,2026-01-01 00:00:00
22,LCR000022,Daniel,Davis,customer22@outlook.co.uk,07716194158,1972-04-11,HS3 4FL,NR0000022,click_collect,True,2019-07-10,True,2018-04-28 13:23:00,2026-01-01 00:00:00
23,LCR000023,Priya,Taylor,customer23@yahoo.co.uk,07701898961,1966-05-10,GY9 5RD,NR0000023,online,True,,True,2020-05-14 20:21:00,2026-01-01 00:00:00
24,LCR000024,Priya,Johnson,customer24@gmail.com,07733887075,1997-11-10,CB8 2NR,,click_collect,True,2021-03-06,True,2023-07-29 19:38:00,2026-01-01 00:00:00
25,LCR000025,Grace,Evans,customer25@outlook.co.uk,07730291214,1989-02-15,KK7 5NB,NR0000025,store,True,2020-10-05,True,2015-11-29 11:15:00,2026-01-01 00:00:00
26,LCR000026,Priya,MacDonald,customer26@yahoo.co.uk,07710075036,1969-01-16,AK8 5AG,NR0000026,click_collect,True,2021-05-12,True,2022-01-04 12:27:00,2026-01-01 00:00:00
27,LCR000027,Emma,MacDonald,customer27@gmail.co.uk,07730173413,1968-05-14,WU2 1DH,NR0000027,online,True,2023-08-26,True,2022-11-06 18:17:00,2026-01-01 00:00:00
28,LCR000028,George,MacDonald,customer28@outlook.com,07766276072,1994-04-10,BA7 6OA,,freshmart_migration,True,2018-08-17,True,2022-07-16 14:36:00,2026-01-01 00:00:00
29,LCR000029,Sarah,Garcia,customer29@yahoo.co.uk,07763149551,1994-09-03,WE7 8YL,NR0000029,store,True,2022-02-03,True,2020-07-22 15:42:00,2026-01-01 00:00:00
30,LCR000030,Harry,MacDonald,customer30@gmail.co.uk,07704925405,1995-10-21,CG2 7VU,,click_collect,True,2020-07-01,True,2021-12-25 21:40:00,2026-01-01 00:00:00
31,LCR000031,Jack,Johnson,customer31@outlook.co.uk,07727321124,1978-12-16,NX8 8CY,NR0000031,store,True,2018-07-20,True,2016-01-17 13:53:00,2026-01-01 00:00:00
32,LCR000032,Isabella,Brown,customer32@yahoo.com,07761934487,1965-07-16,PD5 9RJ,NR0000032,online,True,2022-09-12,True,2021-09-21 22:47:00,2026-01-01 00:00:00
33,LCR000033,Edward,Jones,customer33@gmail.co.uk,07709369750,1979-10-14,TV6 9GA,NR0000033,click_collect,True,2023-11-20,True,2020-01-04 21:22:00,2026-01-01 00:00:00
34,LCR000034,Oliver,MacDonald,customer34@outlook.co.uk,07772937948,1988-11-03,KH4 4NF,NR0000034,store,True,2022-09-02,True,2022-06-11 10:31:00,2026-01-01 00:00:00
35,LCR000035,Sarah,Jones,customer35@yahoo.co.uk,07767416376,1984-10-13,VV8 2MK,NR0000035,online,True,2019-03-27,True,2017-12-21 16:39:00,2026-01-01 00:00:00
36,LCR000036,Joseph,Patel,customer36@gmail.com,07787219599,1962-03-16,VV9 7XP,NR0000036,online,True,,True,2022-01-29 15:14:00,2026-01-01 00:00:00
37,LCR000037,Lucy,Williams,customer37@outlook.co.uk,07758246664,1963-10-31,TR2 8DH,,store,True,2022-08-07,True,2017-09-27 22:26:00,2026-01-01 00:00:00
38,LCR000038,William,Garcia,customer38@yahoo.co.uk,07722814819,1970-09-15,BV4 8WD,NR0000038,store,True,2023-08-12,True,2022-08-07 11:04:00,2026-01-01 00:00:00
39,LCR000039,Jack,Khan,customer39@gmail.co.uk,07778862539,1981-11-02,PK5 8VE,NR0000039,online,True,2022-06-03,True,2022-11-04 15:01:00,2026-01-01 00:00:00
40,LCR000040,Henry,Patel,customer40@outlook.com,07736840133,1955-09-23,NR1 8UW,NR0000040,store,True,2025-07-14,True,2017-10-23 10:40:00,2026-01-01 00:00:00
41,LCR000041,Emma,Johnson,customer41@yahoo.co.uk,07741464269,1994-07-19,AI3 2WH,NR0000041,store,True,2022-07-01,True,2018-01-21 11:16:00,2026-01-01 00:00:00
42,LCR000042,Isabella,Murphy,customer42@gmail.co.uk,07739613214,1985-05-22,UL2 3TF,NR0000042,freshmart_migration,True,2024-08-23,True,2023-11-13 18:00:00,2026-01-01 00:00:00
43,LCR000043,Daniel,MacDonald,customer43@outlook.co.uk,07716587799,1995-10-20,IS5 7UX,,store,True,2024-09-09,True,2021-11-03 13:41:00,2026-01-01 00:00:00
44,LCR000044,Mohammed,Singh,customer44@yahoo.com,07794096984,1982-02-10,PC1 1HL,,online,True,2025-11-30,True,2022-10-23 19:37:00,2026-01-01 00:00:00
45,LCR000045,Lucy,Jones,customer45@gmail.co.uk,07755684858,1963-11-19,VO5 1RF,NR0000045,store,True,2022-07-07,True,2022-03-26 17:03:00,2026-01-01 00:00:00
46,LCR000046,Harry,Wilson,customer46@outlook.co.uk,07725475673,1965-12-16,XU2 4PO,,click_collect,True,2024-09-22,True,2024-04-21 12:37:00,2026-01-01 00:00:00
47,LCR000047,Thomas,Davis,customer47@yahoo.co.uk,07744098516,1968-03-28,TO5 3YM,NR0000047,store,True,,False,2023-11-10 13:37:00,2026-01-01 00:00:00
48,LCR000048,Oliver,Smith,customer48@gmail.com,07723386929,1978-10-22,BS9 2SL,NR0000048,online,True,2020-11-17,True,2015-06-27 22:19:00,2026-01-01 00:00:00
49,LCR000049,Jack,Smith,customer49@outlook.co.uk,07708163847,1997-12-21,VK2 8SK,NR0000049,store,True,,True,2022-02-06 16:24:00,2026-01-01 00:00:00
50,LCR000050,Grace,O Brien,customer50@yahoo.co.uk,07739580505,1995-09-15,MK2 9SF,NR0000050,store,True,2022-11-13,True,2016-01-25 16:27:00,2026-01-01 00:00:00
51,LCR000051,Oliver,Wilson,customer51@gmail.co.uk,07750237832,1968-09-10,RL2 2CC,NR0000051,click_collect,True,,True,2021-04-19 16:42:00,2026-01-01 00:00:00
52,LCR000052,Emma,Sharma,customer52@outlook.com,07747459130,1992-12-10,VS5 5IN,,freshmart_migration,True,2022-04-28,True,2019-02-14 09:48:00,2026-01-01 00:00:00
53,LCR000053,Daniel,Hughes,customer53@yahoo.co.uk,07730354559,1993-07-01,VY9 1OP,NR0000053,store,True,2021-11-10,True,2018-12-08 06:11:00,2026-01-01 00:00:00
54,LCR000054,Poppy,Jones,customer54@gmail.co.uk,07776010330,1990-12-15,BS1 2SF,NR0000054,store,True,2022-01-12,True,2021-05-13 08:56:00,2026-01-01 00:00:00
55,LCR000055,Sarah,Jones,customer55@outlook.co.uk,07721127198,1959-06-19,RG7 8OJ,,online,True,2021-07-28,True,2021-08-26 21:33:00,2026-01-01 00:00:00
56,LCR000056,Hannah,Taylor,customer56@yahoo.com,07706095815,1974-10-13,JO1 4HF,,store,True,2023-12-22,True,2016-12-20 10:24:00,2026-01-01 00:00:00
57,LCR000057,Lily,Davis,customer57@gmail.co.uk,07767144075,1986-10-10,BV1 7AX,NR0000057,online,True,2025-07-29,True,2016-04-16 18:01:00,2026-01-01 00:00:00
58,LCR000058,Oliver,Garcia,customer58@outlook.co.uk,07782963368,1996-04-11,UX2 7VF,NR0000058,online,False,2022-03-15,True,2023-09-27 11:04:00,2026-01-01 00:00:00
59,LCR000059,George,Brown,customer59@yahoo.co.uk,07771216573,2000-10-01,ET6 3FD,,online,True,2019-03-29,True,2023-09-01 21:29:00,2026-01-01 00:00:00
60,LCR000060,Charlie,Hughes,customer60@gmail.com,07777774890,1995-04-10,RW6 6DB,NR0000060,store,True,2022-05-05,True,2018-06-25 20:28:00,2026-01-01 00:00:00
61,LCR000061,Sarah,Johnson,customer61@outlook.co.uk,07749491122,1980-10-02,BV2 9JN,NR0000061,freshmart_migration,True,2024-10-21,True,2018-08-09 21:32:00,2026-01-01 00:00:00
62,LCR000062,David,Johnson,customer62@yahoo.co.uk,07760468188,1964-04-14,UV2 9PA,NR0000062,online,True,2022-06-23,True,2018-03-04 18:26:00,2026-01-01 00:00:00
63,LCR000063,Charlie,Ahmed,customer63@gmail.co.uk,07791120109,1959-09-12,TP2 6CR,NR0000063,freshmart_migration,True,2025-02-25,True,2018-09-27 08:37:00,2026-01-01 00:00:00
64,LCR000064,Hannah,Jones,customer64@outlook.com,07746952151,1982-10-31,YR7 3OX,NR0000064,online,True,2019-10-30,True,2024-04-18 22:05:00,2026-01-01 00:00:00
65,LCR000065,Samuel,Sharma,customer65@yahoo.co.uk,07768248169,1987-06-18,AH4 6XL,,store,True,2019-07-13,True,2021-01-19 22:02:00,2026-01-01 00:00:00
66,LCR000066,Hannah,Ahmed,customer66@gmail.co.uk,07782950779,1966-10-04,OD3 3SB,NR0000066,freshmart_migration,True,2021-08-04,True,2023-10-16 20:14:00,2026-01-01 00:00:00
67,LCR000067,Lily,Davis,customer67@outlook.co.uk,07741536077,1997-01-28,WE8 8TT,NR0000067,online,True,2025-03-05,True,2017-10-21 07:41:00,2026-01-01 00:00:00
68,LCR000068,Jessica,Khan,customer68@yahoo.com,07774429198,1964-03-15,SM2 5CD,NR0000068,online,True,2020-11-19,True,2024-12-02 17:59:00,2026-01-01 00:00:00
69,LCR000069,James,Sharma,customer69@gmail.co.uk,07707148018,1990-07-27,MF2 6FH,,freshmart_migration,True,2019-12-09,False,2024-04-21 21:44:00,2026-01-01 00:00:00
70,LCR000070,Henry,Jones,customer70@outlook.co.uk,07794695462,1997-01-31,KA2 1GV,NR0000070,freshmart_migration,True,2021-08-17,True,2016-05-14 07:15:00,2026-01-01 00:00:00
71,LCR000071,Amelia,Evans,customer71@yahoo.co.uk,07761352751,1960-08-20,CW9 1PN,NR0000071,store,True,2021-02-03,True,2017-02-06 08:33:00,2026-01-01 00:00:00
72,LCR000072,Charlotte,Williams,customer72@gmail.com,07770606503,2000-07-07,TM1 7VB,NR0000072,store,True,,True,2018-11-13 13:46:00,2026-01-01 00:00:00
73,LCR000073,Hannah,Brown,customer73@outlook.co.uk,07778101741,1984-10-30,DI6 3UR,NR0000073,online,True,2019-02-07,True,2020-02-18 07:18:00,2026-01-01 00:00:00
74,LCR000074,Thomas,Johnson,customer74@yahoo.co.uk,07726772387,1958-10-05,HH7 9LA,NR0000074,store,True,2025-09-30,True,2016-05-24 17:27:00,2026-01-01 00:00:00
75,LCR000075,Edward,Patel,customer75@gmail.co.uk,07799765071,1994-06-14,WJ3 8RI,NR0000075,store,True,2019-04-13,True,2024-03-22 11:34:00,2026-01-01 00:00:00
76,LCR000076,Fatima,Ahmed,customer76@outlook.com,07713770458,1962-03-08,HH8 7DK,NR0000076,freshmart_migration,True,2023-04-10,True,2023-11-16 07:04:00,2026-01-01 00:00:00
77,LCR000077,Hannah,Patel,customer77@yahoo.co.uk,07748762794,1969-05-09,XD8 1DF,NR0000077,store,True,2025-03-07,True,2020-01-17 17:23:00,2026-01-01 00:00:00
78,LCR000078,Jack,Williams,customer78@gmail.co.uk,07777030477,1967-05-09,MJ5 4YA,,online,True,2021-05-01,True,2022-11-23 20:13:00,2026-01-01 00:00:00
79,LCR000079,Grace,Taylor,customer79@outlook.co.uk,07793144504,1999-01-25,ED2 8ES,NR0000079,click_collect,True,2021-12-24,True,2022-12-16 08:35:00,2026-01-01 00:00:00
80,LCR000080,Lily,Taylor,customer80@yahoo.com,07740259503,1969-02-17,SX3 6MC,,store,True,2022-06-11,True,2019-02-20 20:51:00,2026-01-01 00:00:00
81,,Lily,Jones,customer81@gmail.co.uk,07782134318,1962-09-26,BJ8 9JJ,NR0000081,store,True,2023-06-11,True,2020-10-20 17:08:00,2026-01-01 00:00:00
82,,Edward,MacDonald,customer82@outlook.co.uk,07785871687,1971-04-29,TD9 1UM,NR0000082,store,True,2022-04-11,True,2020-10-26 15:54:00,2026-01-01 00:00:00
83,,Mohammed,Wilson,customer83@yahoo.co.uk,07726347197,1979-08-16,DH9 2ME,NR0000083,store,True,2025-03-07,True,2021-04-27 07:52:00,2026-01-01 00:00:00
84,,Poppy,Smith,customer84@gmail.com,07710901547,1959-01-29,XT5 4TJ,NR0000084,online,True,2025-08-05,True,2020-06-01 13:51:00,2026-01-01 00:00:00
85,,Evie,Patel,customer85@outlook.co.uk,07739920898,1995-09-09,BB8 7LE,NR0000085,store,True,2022-04-08,True,2016-06-19 17:32:00,2026-01-01 00:00:00
86,,Lily,Brown,customer86@yahoo.co.uk,07742831009,1976-09-08,LG4 3CG,NR0000086,online,True,2020-03-09,True,2021-06-24 16:12:00,2026-01-01 00:00:00
87,,Charlie,Garcia,customer87@gmail.co.uk,07766876068,1996-11-17,LH1 2XM,NR0000087,store,True,,True,2021-09-13 21:18:00,2026-01-01 00:00:00
88,,Lily,Smith,customer88@outlook.com,07714428014,1993-08-29,DG6 7IJ,NR0000088,store,True,2022-09-23,True,2023-07-28 14:52:00,2026-01-01 00:00:00
89,,Grace,Evans,customer89@yahoo.co.uk,07715946545,1966-07-18,YJ6 9XT,,online,True,,False,2023-01-01 16:51:00,2026-01-01 00:00:00
90,,Jessica,O Brien,customer90@gmail.co.uk,07761335966,1968-05-12,OM6 6DY,NR0000090,store,True,2024-02-10,True,2022-12-12 15:30:00,2026-01-01 00:00:00
91,,Henry,Smith,customer91@outlook.co.uk,07749440148,1984-09-19,RY5 1OG,NR0000091,click_collect,True,2018-12-21,True,2016-11-29 22:40:00,2026-01-01 00:00:00
92,,Lucy,Evans,customer92@yahoo.com,07751028283,1968-04-04,UF2 4AH,,freshmart_migration,True,2025-04-02,True,2024-10-15 07:45:00,2026-01-01 00:00:00
93,,David,O Brien,customer93@gmail.co.uk,07727828932,1984-02-29,YL7 6XL,NR0000093,online,True,2025-08-10,True,2017-12-18 21:12:00,2026-01-01 00:00:00
94,,Sophie,Wilson,customer94@outlook.co.uk,07774905122,1981-10-12,FY5 5RR,NR0000094,online,True,2021-06-18,True,2021-06-06 18:57:00,2026-01-01 00:00:00
95,,Harry,Khan,customer95@yahoo.co.uk,07719659692,1981-01-21,BX2 6XP,NR0000095,store,True,2024-09-12,True,2016-07-16 09:39:00,2026-01-01 00:00:00
96,,Lucy,Hughes,customer96@gmail.com,07732115895,1976-10-01,BW4 4BJ,NR0000096,store,True,2024-07-26,True,2016-10-08 19:41:00,2026-01-01 00:00:00
97,,Isabella,Murphy,customer97@outlook.co.uk,07764082055,1972-11-22,TG5 1WC,NR0000097,online,True,2018-10-24,True,2016-12-18 19:56:00,2026-01-01 00:00:00
98,,Henry,Garcia,customer98@yahoo.co.uk,07704877451,1990-08-13,TE5 1AN,,store,True,2024-06-27,True,2024-12-21 10:54:00,2026-01-01 00:00:00
99,,George,Singh,customer99@gmail.co.uk,07736619573,1972-04-19,UH8 5SA,NR0000099,store,True,2020-05-12,True,2022-03-01 18:52:00,2026-01-01 00:00:00
100,,Amelia,O Brien,customer100@outlook.com,07744013571,1962-10-13,JC3 8HF,NR0000100,store,True,2022-02-03,True,2023-02-08 06:16:00,2026-01-01 00:00:00
101,,Samuel,Khan,customer101@yahoo.co.uk,07792981826,1976-03-14,BC5 3JM,NR0000101,freshmart_migration,True,2025-07-23,True,2018-04-23 17:39:00,2026-01-01 00:00:00
102,,Sophie,Davis,customer102@gmail.co.uk,07717927298,1997-11-25,DS6 7RW,NR0000102,click_collect,True,2021-03-03,True,2021-09-06 08:33:00,2026-01-01 00:00:00
103,,Jack,O Brien,customer103@outlook.co.uk,07794457890,1987-06-16,BN1 9WE,NR0000103,store,True,2019-09-13,True,2023-01-15 21:05:00,2026-01-01 00:00:00
104,,Edward,O Brien,customer104@yahoo.com,07759791674,1959-12-29,KM8 1NR,NR0000104,store,True,2020-11-02,True,2015-07-05 19:22:00,2026-01-01 00:00:00
105,,Joseph,Williams,customer105@gmail.co.uk,07772633735,1960-05-28,XB8 1GE,,freshmart_migration,True,2023-02-09,True,2024-12-29 18:28:00,2026-01-01 00:00:00
106,,Poppy,Patel,customer106@outlook.co.uk,07750418290,1962-03-14,RP9 3PI,,online,True,2020-11-22,True,2023-06-25 06:19:00,2026-01-01 00:00:00
107,,Jack,MacDonald,customer107@yahoo.co.uk,07756925500,1989-01-10,UF6 3GX,NR0000107,store,False,2025-04-16,True,2024-11-28 06:15:00,2026-01-01 00:00:00
108,,Thomas,Williams,customer108@gmail.com,07713542127,1958-01-05,KR1 4SJ,,store,True,2019-12-19,True,2018-03-30 13:52:00,2026-01-01 00:00:00
109,,Isabella,Hughes,customer109@outlook.co.uk,07742802529,1983-10-08,FW9 4JG,NR0000109,online,True,2025-06-01,True,2021-03-26 21:03:00,2026-01-01 00:00:00
110,,Charlotte,Patel,customer110@yahoo.co.uk,07770392240,1983-08-06,RJ5 7EM,,store,True,2023-08-03,True,2021-04-22 19:26:00,2026-01-01 00:00:00
111,,Lily,O Brien,customer111@gmail.co.uk,07717997624,1989-11-05,FE2 8VC,NR0000111,store,False,2025-03-06,True,2024-10-18 08:12:00,2026-01-01 00:00:00
112,,Evie,Hughes,customer112@outlook.com,07797214603,1974-06-21,LV6 5XA,NR0000112,freshmart_migration,True,2023-10-07,True,2022-10-20 12:25:00,2026-01-01 00:00:00
113,,Isabella,Davis,customer113@yahoo.co.uk,07774098828,1983-11-08,TJ9 6HI,NR0000113,online,True,2023-08-30,True,2018-08-04 12:23:00,2026-01-01 00:00:00
114,,Oliver,Sharma,customer114@gmail.co.uk,07706135823,1974-11-07,SA9 7HE,,online,True,2025-09-26,True,2018-10-14 14:48:00,2026-01-01 00:00:00
115,,Henry,Murphy,customer115@outlook.co.uk,07797114303,1999-01-05,LS6 3DN,,online,True,2024-04-09,False,2024-06-30 08:52:00,2026-01-01 00:00:00
116,,Hannah,Johnson,customer116@yahoo.com,07700856822,1991-12-31,DP2 3AM,NR0000116,online,True,2023-10-25,True,2015-03-06 06:34:00,2026-01-01 00:00:00
117,,Lily,Sharma,customer117@gmail.co.uk,07701590610,1956-07-02,MG5 1MR,NR0000117,store,True,2020-01-24,True,2021-12-13 22:16:00,2026-01-01 00:00:00
118,,Henry,Khan,customer118@outlook.co.uk,07735879718,1990-08-10,BY8 4YF,NR0000118,click_collect,True,2025-09-06,True,2016-01-18 18:24:00,2026-01-01 00:00:00
119,,Harry,MacDonald,customer119@yahoo.co.uk,07763888323,1960-01-13,PR2 8VP,NR0000119,click_collect,True,2018-11-15,True,2024-09-25 21:17:00,2026-01-01 00:00:00
120,,Sarah,Williams,customer120@gmail.com,07791862470,1980-02-26,WN1 3XH,NR0000120,online,True,2022-11-11,True,2018-05-10 11:36:00,2026-01-01 00:00:00
121,,Sophie,Hughes,customer121@outlook.co.uk,07752231715,1984-10-05,JS2 9SI,,store,True,2025-04-12,True,2019-06-13 16:01:00,2026-01-01 00:00:00
122,,Samuel,Wilson,customer122@yahoo.co.uk,07760471823,1999-01-06,FN7 7EO,NR0000122,click_collect,True,2019-03-22,True,2016-09-23 18:45:00,2026-01-01 00:00:00
123,,Evie,Jones,customer123@gmail.co.uk,07799274852,1989-12-15,HC1 5KT,,store,True,2024-08-13,True,2016-02-28 06:05:00,2026-01-01 00:00:00
124,,Charlotte,MacDonald,customer124@outlook.com,07712490873,1984-02-08,VA7 7TS,NR0000124,store,True,2022-08-31,True,2018-01-06 15:17:00,2026-01-01 00:00:00
125,,Jessica,Jones,customer125@yahoo.co.uk,07708491573,1970-01-01,KK8 2IX,NR0000125,online,True,2019-08-06,True,2015-01-28 18:21:00,2026-01-01 00:00:00
126,,Henry,Evans,customer126@gmail.co.uk,07750987966,1984-07-25,KK3 5HX,,store,True,2021-12-22,True,2022-10-17 21:36:00,2026-01-01 00:00:00
127,,Evie,Davis,customer127@outlook.co.uk,07743739710,1988-09-26,GT6 2XE,NR0000127,store,True,2023-07-28,True,2017-05-08 20:51:00,2026-01-01 00:00:00
128,,Fatima,Williams,customer128@yahoo.com,07754914054,1999-10-18,DH5 3ST,,online,True,2024-01-29,True,2024-10-02 19:34:00,2026-01-01 00:00:00
129,,Sarah,Khan,customer129@gmail.co.uk,07794171759,1962-08-16,CF6 3PB,NR0000129,freshmart_migration,True,2022-02-11,True,2019-10-30 09:00:00,2026-01-01 00:00:00
130,,Emma,Wilson,customer130@outlook.co.uk,07729796480,2000-10-24,SN4 8IL,NR0000130,freshmart_migration,True,2018-09-02,True,2018-04-25 19:58:00,2026-01-01 00:00:00
131,,Mohammed,Brown,customer131@yahoo.co.uk,07797999171,1967-09-17,II4 9LL,NR0000131,freshmart_migration,True,,True,2022-12-21 09:01:00,2026-01-01 00:00:00
132,,Poppy,Ahmed,customer132@gmail.com,07786969050,1964-10-23,RD4 9ED,NR0000132,online,True,2020-06-18,True,2022-05-16 19:25:00,2026-01-01 00:00:00
133,,James,Evans,customer133@outlook.co.uk,07726484437,1995-05-02,OJ4 4GR,NR0000133,online,True,2020-06-28,True,2017-03-18 20:07:00,2026-01-01 00:00:00
134,,Daniel,Murphy,customer134@yahoo.co.uk,07770828710,1983-02-12,OO2 6IK,,freshmart_migration,True,2025-04-14,True,2022-07-15 10:20:00,2026-01-01 00:00:00
135,,Emma,Davis,customer135@gmail.co.uk,07740987410,1965-06-29,ER9 7KD,NR0000135,store,True,2025-08-18,True,2016-12-10 11:31:00,2026-01-01 00:00:00
136,,Fatima,Jones,customer136@outlook.com,07725111946,1983-03-23,VO6 1LE,NR0000136,online,True,2023-11-29,True,2024-06-02 20:31:00,2026-01-01 00:00:00
137,,Priya,Williams,customer137@yahoo.co.uk,07775886408,1957-10-08,UF1 5FG,NR0000137,online,True,2024-07-23,True,2021-06-03 09:17:00,2026-01-01 00:00:00
138,,Charlie,MacDonald,customer138@gmail.co.uk,07749239353,1958-09-25,TK4 7CU,NR0000138,store,True,,True,2024-09-01 08:28:00,2026-01-01 00:00:00
139,,Poppy,Brown,customer139@outlook.co.uk,07731802361,1973-10-30,UO6 7DD,,store,True,2024-05-13,True,2021-01-15 11:20:00,2026-01-01 00:00:00
140,,Joseph,Taylor,customer140@yahoo.com,07738833650,1978-12-26,XM2 3YT,NR0000140,store,True,2019-11-19,True,2022-12-23 16:53:00,2026-01-01 00:00:00
141,,Sophie,Patel,customer141@gmail.co.uk,07765694038,1967-10-03,NG7 7KP,NR0000141,store,True,2022-07-14,True,2020-06-22 16:37:00,2026-01-01 00:00:00
142,,James,Williams,customer142@outlook.co.uk,07798104023,1996-02-17,PR2 9JY,NR0000142,online,True,2022-03-08,True,2016-06-18 21:50:00,2026-01-01 00:00:00
143,,Oliver,Johnson,customer143@yahoo.co.uk,07706166355,1963-12-07,PV1 2XD,NR0000143,online,True,2019-11-16,True,2018-05-21 11:55:00,2026-01-01 00:00:00
144,,Isabella,Wilson,customer144@gmail.com,07712527880,1987-05-03,GI3 1JH,NR0000144,store,True,2019-06-18,False,2020-05-07 08:08:00,2026-01-01 00:00:00
145,,William,Davis,customer145@outlook.co.uk,07769718627,1994-12-05,AR2 7RL,,store,True,2021-11-28,True,2018-05-10 10:24:00,2026-01-01 00:00:00
146,,Charlie,Jones,customer146@yahoo.co.uk,07786110892,1967-10-26,BN3 8IF,NR0000146,online,True,2020-10-30,True,2016-02-16 10:48:00,2026-01-01 00:00:00
147,,Emma,Hughes,customer147@gmail.co.uk,07797980169,1989-06-14,IK3 4GC,NR0000147,online,True,2018-09-11,True,2022-05-20 15:13:00,2026-01-01 00:00:00
148,,George,Evans,customer148@outlook.com,07768386961,1971-12-04,SH1 4LC,NR0000148,online,False,2018-07-13,True,2018-07-20 10:24:00,2026-01-01 00:00:00
149,,Poppy,Hughes,customer149@yahoo.co.uk,07756487347,1987-10-13,NE8 2AB,NR0000149,store,True,2022-11-10,True,2022-01-18 22:49:00,2026-01-01 00:00:00
150,,Amelia,Sharma,customer150@gmail.co.uk,07794195429,1991-02-02,BM3 5CB,NR0000150,click_collect,True,2024-12-21,True,2024-05-11 08:19:00,2026-01-01 00:00:00
151,,Joseph,Sharma,customer151@outlook.co.uk,07797973354,1976-05-29,BC7 2KO,NR0000151,freshmart_migration,True,2018-07-15,True,2022-11-13 06:10:00,2026-01-01 00:00:00
152,,Jessica,Khan,customer152@yahoo.com,07770196591,1978-04-05,ED5 2TA,NR0000152,store,True,2024-11-10,True,2020-07-25 20:32:00,2026-01-01 00:00:00
153,,Charlotte,Johnson,customer153@gmail.co.uk,07767056519,1969-12-21,IG2 2FM,,click_collect,False,,True,2016-09-06 11:59:00,2026-01-01 00:00:00
154,,Poppy,Johnson,customer154@outlook.co.uk,07774204255,1992-08-15,FF6 5UN,,freshmart_migration,True,2024-03-06,True,2019-07-01 08:56:00,2026-01-01 00:00:00
155,,Jack,Taylor,customer155@yahoo.co.uk,07741701149,1984-05-12,CK6 4GT,NR0000155,store,True,2023-12-05,True,2023-09-14 12:46:00,2026-01-01 00:00:00
156,,Edward,MacDonald,customer156@gmail.com,07732900372,1968-07-04,AJ4 9IV,NR0000156,store,False,2021-11-04,True,2020-12-10 13:26:00,2026-01-01 00:00:00
157,,Jessica,Johnson,customer157@outlook.co.uk,07719109045,1980-02-08,CX9 7RI,NR0000157,store,True,2025-07-17,True,2015-11-03 07:27:00,2026-01-01 00:00:00
158,,Hannah,Jones,customer158@yahoo.co.uk,07731778964,1981-03-02,GH7 6HG,,store,True,2019-08-14,True,2016-11-04 20:29:00,2026-01-01 00:00:00
159,,Oliver,Sharma,customer159@gmail.co.uk,07716205010,1987-02-22,YE5 8GC,,freshmart_migration,True,2025-02-28,True,2024-05-16 16:09:00,2026-01-01 00:00:00
160,,Mohammed,Davis,customer160@outlook.com,07747746984,1990-07-20,MR5 3AJ,NR0000160,freshmart_migration,True,2019-07-16,True,2016-07-26 09:00:00,2026-01-01 00:00:00
161,,Sarah,Davis,customer161@yahoo.co.uk,07717544302,1972-10-10,UI2 5XB,NR0000161,store,True,2019-11-03,True,2024-07-02 16:07:00,2026-01-01 00:00:00
162,,Sarah,Singh,customer162@gmail.co.uk,07706796477,1970-01-26,XK7 8AR,,store,True,2023-05-25,True,2015-05-22 13:41:00,2026-01-01 00:00:00
163,,Fatima,Murphy,customer163@outlook.co.uk,07755296657,1997-12-22,BG3 7EW,NR0000163,freshmart_migration,True,2018-08-12,True,2023-10-08 17:30:00,2026-01-01 00:00:00
164,,Lily,Murphy,customer164@yahoo.com,07746175477,2000-01-27,HG1 6OA,NR0000164,store,False,2024-05-01,True,2021-07-20 13:10:00,2026-01-01 00:00:00
165,,Emma,Davis,customer165@gmail.co.uk,07788162850,1976-08-20,GU1 4NY,NR0000165,click_collect,True,2021-01-17,True,2024-01-16 17:58:00,2026-01-01 00:00:00
166,,William,Smith,customer166@outlook.co.uk,07794415847,1986-07-20,XN4 8NE,,store,True,2024-04-19,True,2018-09-20 12:51:00,2026-01-01 00:00:00
167,,David,Ahmed,customer167@yahoo.co.uk,07796225740,1970-12-03,XV6 1AO,NR0000167,click_collect,True,2022-06-27,True,2019-03-11 18:37:00,2026-01-01 00:00:00
168,,Emma,Ahmed,customer168@gmail.com,07740502233,1983-12-11,DD7 8PE,NR0000168,freshmart_migration,True,2022-05-25,True,2021-08-09 11:24:00,2026-01-01 00:00:00
169,,Fatima,Taylor,customer169@outlook.co.uk,07717092408,1970-12-11,SX7 1EH,NR0000169,online,True,2023-12-17,True,2023-05-11 08:15:00,2026-01-01 00:00:00
170,,Charlotte,Ahmed,customer170@yahoo.co.uk,07722533467,1962-12-17,UR6 8AF,NR0000170,store,True,2018-05-30,True,2019-11-30 19:10:00,2026-01-01 00:00:00
171,,Edward,Sharma,customer171@gmail.co.uk,07766180344,1988-12-22,IJ8 4DB,NR0000171,store,False,2019-07-27,True,2016-11-27 18:10:00,2026-01-01 00:00:00
172,,Lucy,Williams,customer172@outlook.com,07773423305,1963-05-09,IY8 1KP,NR0000172,online,True,2020-09-12,True,2019-08-04 14:42:00,2026-01-01 00:00:00
173,,Fatima,Taylor,customer173@yahoo.co.uk,07731883191,1963-08-09,BN8 3BA,,click_collect,True,2020-08-19,True,2017-04-27 11:40:00,2026-01-01 00:00:00
174,,Fatima,Williams,customer174@gmail.co.uk,07763561576,1965-05-12,HJ8 5CN,,online,True,2021-05-07,True,2017-12-14 13:53:00,2026-01-01 00:00:00
175,,Daniel,Hughes,customer175@outlook.co.uk,07708273096,1968-07-23,TR2 6UJ,NR0000175,store,True,2024-04-03,True,2021-01-02 21:36:00,2026-01-01 00:00:00
176,,Edward,Davis,customer176@yahoo.com,07763922841,1981-10-23,BW1 9NM,NR0000176,online,True,2023-06-07,True,2016-11-15 12:51:00,2026-01-01 00:00:00
177,,Thomas,Jones,customer177@gmail.co.uk,07705727862,1992-12-25,BR4 3VG,NR0000177,click_collect,False,2022-11-07,True,2024-08-09 14:33:00,2026-01-01 00:00:00
178,,Jack,Smith,customer178@outlook.co.uk,07794007723,1992-08-23,CD2 2NC,NR0000178,online,True,2021-05-10,True,2020-06-11 21:02:00,2026-01-01 00:00:00
179,,Priya,Wilson,customer179@yahoo.co.uk,07754086249,1967-11-27,OR7 1JW,NR0000179,store,True,2022-07-28,False,2024-03-02 15:19:00,2026-01-01 00:00:00
180,,Daniel,Murphy,customer180@gmail.com,07793440079,1963-10-24,YF5 8TH,NR0000180,online,True,2020-10-06,True,2019-07-26 21:48:00,2026-01-01 00:00:00
181,,George,Khan,customer181@outlook.co.uk,07707543817,1969-04-06,BS7 3TM,NR0000181,store,True,2019-01-16,True,2020-02-13 07:58:00,2026-01-01 00:00:00
182,,Charlotte,Miller,customer182@yahoo.co.uk,07736772637,1988-01-18,UM2 1FL,NR0000182,click_collect,True,2022-04-04,True,2017-11-25 08:18:00,2026-01-01 00:00:00
183,,James,Patel,customer183@gmail.co.uk,07706664050,1969-08-13,VT4 4PR,NR0000183,online,True,2018-06-30,True,2016-06-25 11:38:00,2026-01-01 00:00:00
184,,Evie,Smith,customer184@outlook.com,07730033905,1977-08-23,OX5 7WV,NR0000184,store,True,2025-05-22,True,2016-02-24 06:32:00,2026-01-01 00:00:00
185,,Hannah,Khan,customer185@yahoo.co.uk,07775357498,1980-05-11,HC2 6YP,NR0000185,store,True,2025-09-13,True,2016-09-06 22:48:00,2026-01-01 00:00:00
186,,Sophie,Johnson,customer186@gmail.co.uk,07780535106,1991-04-03,PR1 8YG,NR0000186,online,True,2024-10-23,True,2018-11-06 13:43:00,2026-01-01 00:00:00
187,,Lily,Murphy,customer187@outlook.co.uk,07790176660,1987-03-01,MV9 3HL,NR0000187,freshmart_migration,True,2020-06-12,True,2018-10-06 08:14:00,2026-01-01 00:00:00
188,,Charlotte,Davis,customer188@yahoo.com,07799886165,1982-07-20,KW6 5OL,,store,True,2025-05-10,True,2024-12-22 12:32:00,2026-01-01 00:00:00
189,,Emma,Patel,customer189@gmail.co.uk,07771113720,1981-10-07,JV3 3YI,NR0000189,online,True,2020-06-01,True,2020-06-20 16:40:00,2026-01-01 00:00:00
190,,Priya,Ahmed,customer190@outlook.co.uk,07785161010,1960-03-15,AG3 3LT,,online,True,2023-03-17,True,2019-04-20 06:02:00,2026-01-01 00:00:00
191,,Lily,Miller,customer191@yahoo.co.uk,07798067400,1988-06-21,XW9 4AA,NR0000191,store,True,2019-11-04,True,2020-08-23 15:10:00,2026-01-01 00:00:00
192,,Mohammed,Johnson,customer192@gmail.com,07740024028,1981-02-02,KM9 6KR,,online,True,2022-12-02,False,2017-07-07 10:13:00,2026-01-01 00:00:00
193,,Lucy,Smith,customer193@outlook.co.uk,07779147232,2000-04-09,EI1 7WG,NR0000193,store,True,,True,2024-05-17 06:03:00,2026-01-01 00:00:00
194,,Joseph,Brown,customer194@yahoo.co.uk,07755938669,1994-11-11,JN8 3ER,,online,True,2021-06-03,True,2022-11-10 10:26:00,2026-01-01 00:00:00
195,,Henry,Brown,customer195@gmail.co.uk,07768663747,1965-07-24,GT8 4OT,NR0000195,store,True,2020-03-11,False,2020-07-26 12:44:00,2026-01-01 00:00:00
196,,Isabella,Murphy,customer196@outlook.com,07744372866,1976-01-15,AR2 8DC,NR0000196,freshmart_migration,True,2025-08-15,True,2018-04-27 14:29:00,2026-01-01 00:00:00
197,,Sarah,Brown,customer197@yahoo.co.uk,07723448079,1958-07-16,VI6 7SC,NR0000197,store,False,2025-08-26,True,2019-01-04 20:39:00,2026-01-01 00:00:00
198,,Daniel,Williams,customer198@gmail.co.uk,07750012498,1985-09-30,EJ8 5VR,NR0000198,online,True,2019-08-31,True,2023-02-23 07:54:00,2026-01-01 00:00:00
199,,Priya,Brown,customer199@outlook.co.uk,07755838294,1998-04-21,UR3 7TO,NR0000199,click_collect,True,2023-10-24,True,2016-04-07 19:28:00,2026-01-01 00:00:00
200,,Sarah,Williams,customer200@yahoo.com,07735113084,1983-03-11,AV9 4YR,NR0000200,online,True,2023-04-01,True,2017-10-15 21:22:00,2026-01-01 00:00:00
201,,Hannah,Patel,customer201@gmail.co.uk,07719952062,1959-11-24,AX9 8VV,,online,True,2021-07-07,True,2017-07-01 18:25:00,2026-01-01 00:00:00
202,,Henry,Davis,customer202@outlook.co.uk,07710580463,1996-03-09,KN2 8KC,NR0000202,freshmart_migration,False,2018-10-18,True,2015-01-01 08:50:00,2026-01-01 00:00:00
203,,Grace,Evans,customer203@yahoo.co.uk,07785568918,1982-04-30,WN8 6IB,,online,True,2025-02-14,True,2022-05-15 17:45:00,2026-01-01 00:00:00
204,,Jack,Brown,customer204@gmail.com,07713077775,1974-11-23,AI5 9MR,,store,True,2022-12-26,True,2021-11-07 12:12:00,2026-01-01 00:00:00
205,,Emma,Patel,customer205@outlook.co.uk,07728935933,1996-01-02,UE6 2TB,NR0000205,freshmart_migration,True,2023-06-13,True,2021-08-10 22:08:00,2026-01-01 00:00:00
206,,Jessica,Smith,customer206@yahoo.co.uk,07771184297,1959-05-11,NK8 9TW,NR0000206,store,True,2022-09-27,True,2021-10-18 16:32:00,2026-01-01 00:00:00
207,,Edward,Patel,customer207@gmail.co.uk,07756192230,1977-04-09,GY5 8UD,NR0000207,freshmart_migration,True,2024-07-15,True,2022-12-25 12:12:00,2026-01-01 00:00:00
208,,Thomas,Evans,customer208@outlook.com,07795883069,1981-01-25,RX3 3MR,NR0000208,store,True,2024-12-06,True,2022-06-25 19:43:00,2026-01-01 00:00:00
209,,Lucy,MacDonald,customer209@yahoo.co.uk,07738376603,1992-11-22,UM1 7DR,,click_collect,True,2021-03-16,True,2015-09-12 15:13:00,2026-01-01 00:00:00
210,,Charlie,MacDonald,customer210@gmail.co.uk,07704336089,1987-03-07,UC9 4SN,,click_collect,True,2025-11-05,True,2019-04-12 18:26:00,2026-01-01 00:00:00
211,,Evie,Ahmed,customer211@outlook.co.uk,07774104909,1959-10-29,AG8 4WR,NR0000211,click_collect,True,2020-08-06,True,2017-03-03 15:28:00,2026-01-01 00:00:00
212,,Priya,Williams,customer212@yahoo.com,07725095571,1970-08-04,SC1 7GG,,click_collect,True,2020-02-18,False,2018-08-14 07:49:00,2026-01-01 00:00:00
213,,Isabella,Evans,customer213@gmail.co.uk,07788837400,1982-01-07,LN6 2TH,,store,True,2020-03-07,True,2021-01-08 18:05:00,2026-01-01 00:00:00
214,,Charlotte,Davis,customer214@outlook.co.uk,07728635863,1984-10-10,HH9 8YU,NR0000214,store,True,2021-02-02,True,2021-11-18 13:02:00,2026-01-01 00:00:00
215,,Hannah,Ahmed,customer215@yahoo.co.uk,07751186964,1965-03-04,JM5 1WU,NR0000215,click_collect,True,2021-09-20,True,2017-02-27 16:32:00,2026-01-01 00:00:00
216,,Mohammed,Brown,customer216@gmail.com,07722467350,1955-08-29,PF4 7VE,NR0000216,freshmart_migration,True,2019-03-16,True,2016-09-21 06:29:00,2026-01-01 00:00:00
217,,Joseph,Ahmed,customer217@outlook.co.uk,07705085015,1962-11-07,BE5 9BU,NR0000217,online,True,2023-04-02,True,2019-05-15 09:34:00,2026-01-01 00:00:00
218,,James,Evans,customer218@yahoo.co.uk,07708487605,1959-01-31,RB9 2GR,NR0000218,store,True,2022-10-29,True,2015-05-07 21:10:00,2026-01-01 00:00:00
219,,Lily,Davis,customer219@gmail.co.uk,07718304809,1990-01-29,UV5 3HW,NR0000219,click_collect,True,2018-07-09,True,2021-03-23 10:07:00,2026-01-01 00:00:00
220,,Sarah,Smith,customer220@outlook.com,07776868988,1990-05-10,MX5 4SW,NR0000220,online,True,2019-12-29,True,2017-06-23 14:12:00,2026-01-01 00:00:00
221,,Emma,Garcia,customer221@yahoo.co.uk,07790057130,1959-11-18,VX9 8PB,NR0000221,store,True,2023-11-10,True,2019-01-02 10:42:00,2026-01-01 00:00:00
222,,Samuel,Davis,customer222@gmail.co.uk,07713427820,1980-07-31,OW6 8KO,NR0000222,online,True,2021-12-10,True,2016-11-21 06:20:00,2026-01-01 00:00:00
223,,Sophie,Davis,customer223@outlook.co.uk,07795589748,1994-02-15,GI6 8LI,NR0000223,online,True,2019-04-25,True,2024-08-18 10:57:00,2026-01-01 00:00:00
224,,Lily,Miller,customer224@yahoo.com,07735330756,1961-11-10,SW9 1UN,NR0000224,store,True,2024-06-28,True,2021-01-19 21:41:00,2026-01-01 00:00:00
225,,Charlie,Jones,customer225@gmail.co.uk,07749099345,1990-03-19,FT5 3LM,NR0000225,online,False,2025-04-13,True,2023-06-29 22:08:00,2026-01-01 00:00:00
226,,Jack,Garcia,customer226@outlook.co.uk,07724044459,1968-02-12,SL6 1FL,,store,True,2024-03-15,True,2019-01-19 18:30:00,2026-01-01 00:00:00
227,,Isabella,Singh,customer227@yahoo.co.uk,07706232730,1958-07-31,YH9 5VG,NR0000227,store,True,2024-12-26,True,2024-05-15 08:33:00,2026-01-01 00:00:00
228,,Daniel,Patel,customer228@gmail.com,07729917031,1991-05-30,IV8 8WA,NR0000228,online,True,,True,2017-05-16 10:11:00,2026-01-01 00:00:00
229,,Priya,Khan,customer229@outlook.co.uk,07780801793,1965-08-13,PJ6 2LL,,store,True,2021-02-16,True,2021-06-07 11:08:00,2026-01-01 00:00:00
230,,Samuel,O Brien,customer230@yahoo.co.uk,07705260108,1968-03-05,BG3 9XO,NR0000230,store,True,2021-07-29,True,2017-06-06 20:38:00,2026-01-01 00:00:00
231,,Jessica,Murphy,customer231@gmail.co.uk,07722893086,1974-09-06,UO3 9GS,NR0000231,online,True,,True,2016-06-25 09:01:00,2026-01-01 00:00:00
232,,Thomas,O Brien,customer232@outlook.com,07767693989,1992-08-29,UO3 8WO,NR0000232,online,True,2023-10-21,True,2021-10-07 06:57:00,2026-01-01 00:00:00
233,,Charlie,Sharma,customer233@yahoo.co.uk,07770067590,1992-09-27,IB9 7FU,NR0000233,online,True,2024-11-08,True,2016-07-02 14:30:00,2026-01-01 00:00:00
234,,Charlie,Davis,customer234@gmail.co.uk,07711249805,1980-05-31,ON5 4AS,,online,True,,True,2022-09-18 16:26:00,2026-01-01 00:00:00
235,,Charlotte,Brown,customer235@outlook.co.uk,07720774029,1993-03-23,PG9 7NO,NR0000235,online,True,2024-08-24,True,2019-02-25 21:16:00,2026-01-01 00:00:00
236,,Fatima,Hughes,customer236@yahoo.com,07746218720,1990-09-19,SV2 4KR,,store,True,2024-07-27,True,2022-09-04 07:10:00,2026-01-01 00:00:00
237,,Harry,Smith,customer237@gmail.co.uk,07712225702,1968-01-15,LO2 2GI,NR0000237,freshmart_migration,True,2025-04-12,True,2018-03-19 07:49:00,2026-01-01 00:00:00
238,,Henry,Garcia,customer238@outlook.co.uk,07785938445,1999-05-09,KE9 5ET,NR0000238,freshmart_migration,True,2018-10-19,True,2022-05-06 06:10:00,2026-01-01 00:00:00
239,,Mohammed,Wilson,customer239@yahoo.co.uk,07753611082,1986-09-06,RJ4 9AR,NR0000239,online,True,2024-12-06,True,2024-02-23 14:14:00,2026-01-01 00:00:00
240,,Grace,Miller,customer240@gmail.com,07761036720,1991-03-29,NG7 9CB,NR0000240,store,True,2024-06-05,True,2021-06-12 14:44:00,2026-01-01 00:00:00
241,,Jack,Patel,customer241@outlook.co.uk,07775587210,1998-05-22,TT8 8WV,NR0000241,store,False,2020-11-12,True,2017-07-30 16:26:00,2026-01-01 00:00:00
242,,Charlotte,O Brien,customer242@yahoo.co.uk,07771893982,1955-11-15,RG5 2JS,NR0000242,online,True,2022-05-12,True,2021-06-07 14:11:00,2026-01-01 00:00:00
243,,Lucy,Miller,customer243@gmail.co.uk,07766974557,1972-11-29,FF5 4FV,NR0000243,store,True,2019-04-11,True,2022-06-10 21:39:00,2026-01-01 00:00:00
244,,James,MacDonald,customer244@outlook.com,07705672460,1998-04-08,IH5 8ET,NR0000244,online,True,2019-01-01,True,2019-09-30 21:34:00,2026-01-01 00:00:00
245,,Sarah,O Brien,customer245@yahoo.co.uk,07746612335,1990-04-28,VT8 2RL,NR0000245,store,True,2019-07-11,True,2021-11-14 14:11:00,2026-01-01 00:00:00
246,,Lily,Wilson,customer246@gmail.co.uk,07731828278,1979-03-03,LO6 3LF,NR0000246,store,True,2023-06-14,True,2016-06-21 13:52:00,2026-01-01 00:00:00
247,,Emma,Wilson,customer247@outlook.co.uk,07731649234,1993-10-10,VE3 8UE,NR0000247,click_collect,True,2021-12-08,True,2018-05-13 14:35:00,2026-01-01 00:00:00
248,,Poppy,Hughes,customer248@yahoo.com,07706403434,1990-09-28,CD4 5LP,NR0000248,store,True,2024-08-24,True,2017-11-21 17:01:00,2026-01-01 00:00:00
249,,Amelia,Brown,customer249@gmail.co.uk,07747122567,1972-11-06,NP9 3YG,NR0000249,online,True,2019-04-11,True,2018-03-19 20:40:00,2026-01-01 00:00:00
250,,David,Garcia,customer250@outlook.co.uk,07785977279,1985-04-08,KO7 2BI,NR0000250,freshmart_migration,True,2025-08-16,True,2024-12-14 20:49:00,2026-01-01 00:00:00
251,,Poppy,Khan,customer251@yahoo.co.uk,07778775038,1995-05-26,JE1 3SP,NR0000251,freshmart_migration,True,2022-11-06,True,2015-09-19 21:35:00,2026-01-01 00:00:00
252,,Sarah,Smith,customer252@gmail.com,07753286118,1962-06-20,CO2 7HF,NR0000252,freshmart_migration,True,2020-04-22,False,2022-06-10 17:55:00,2026-01-01 00:00:00
253,,Isabella,Ahmed,customer253@outlook.co.uk,07763908407,1996-11-29,YM5 9KY,NR0000253,store,True,2025-07-11,True,2019-11-17 22:40:00,2026-01-01 00:00:00
254,,Samuel,MacDonald,customer254@yahoo.co.uk,07741562039,1986-02-23,LF2 8HJ,,store,False,2019-12-04,True,2020-04-05 06:44:00,2026-01-01 00:00:00
255,,Isabella,Murphy,customer255@gmail.co.uk,07764030858,1981-11-17,AK5 4UN,,online,True,2025-08-21,True,2019-03-30 13:16:00,2026-01-01 00:00:00
256,,Mohammed,Sharma,customer256@outlook.com,07783929434,1976-06-28,MU5 5PM,NR0000256,store,True,2021-08-23,True,2020-02-09 20:17:00,2026-01-01 00:00:00
257,,Joseph,Evans,customer257@yahoo.co.uk,07766034587,1971-11-06,HD9 1EC,NR0000257,freshmart_migration,True,,True,2015-03-02 21:13:00,2026-01-01 00:00:00
258,,Oliver,Sharma,customer258@gmail.co.uk,07741819114,1999-09-18,YL1 6BT,,store,True,,True,2017-02-26 14:52:00,2026-01-01 00:00:00
259,,Harry,Smith,customer259@outlook.co.uk,07716369402,1977-05-02,JY4 1ES,,freshmart_migration,True,2021-11-23,True,2016-10-11 07:47:00,2026-01-01 00:00:00
260,,Isabella,MacDonald,customer260@yahoo.com,07769917538,1965-12-16,GP4 6WV,,store,True,2018-07-25,True,2018-02-04 09:25:00,2026-01-01 00:00:00
261,,Evie,Davis,customer261@gmail.co.uk,07701198544,1958-10-08,NR3 6TF,NR0000261,freshmart_migration,True,2025-05-28,True,2018-12-27 10:44:00,2026-01-01 00:00:00
262,,Lily,Brown,customer262@outlook.co.uk,07716888275,1998-10-07,FY6 8SA,NR0000262,freshmart_migration,True,2023-11-02,True,2021-04-08 15:34:00,2026-01-01 00:00:00
263,,Joseph,Murphy,customer263@yahoo.co.uk,07725471281,1971-09-29,NH8 5VO,NR0000263,store,False,2021-09-17,True,2021-01-27 17:29:00,2026-01-01 00:00:00
264,,James,O Brien,customer264@gmail.com,07750874366,1971-08-24,WO6 4HB,NR0000264,click_collect,True,2023-12-22,True,2016-09-23 15:20:00,2026-01-01 00:00:00
265,,Amelia,Ahmed,customer265@outlook.co.uk,07714826245,1963-08-21,MB3 3VE,NR0000265,store,False,2022-10-02,True,2020-11-23 14:03:00,2026-01-01 00:00:00
266,,Charlotte,Davis,customer266@yahoo.co.uk,07781329718,1961-05-11,AX8 2LP,NR0000266,freshmart_migration,True,2022-07-14,True,2015-08-27 14:33:00,2026-01-01 00:00:00
267,,Sarah,Williams,customer267@gmail.co.uk,07740789378,1961-12-28,XY2 2SM,,online,True,2020-05-26,True,2021-04-05 19:47:00,2026-01-01 00:00:00
268,,Emma,Hughes,customer268@outlook.com,07748045029,1996-02-26,RK2 3UN,NR0000268,freshmart_migration,True,2023-05-13,True,2018-07-14 16:54:00,2026-01-01 00:00:00
269,,Charlotte,Sharma,customer269@yahoo.co.uk,07784992144,1993-08-18,UH4 9FT,NR0000269,store,True,2022-11-06,False,2015-05-22 15:38:00,2026-01-01 00:00:00
270,,James,O Brien,customer270@gmail.co.uk,07718130896,1982-01-29,AY4 6AU,NR0000270,store,True,2024-10-17,True,2016-09-25 09:02:00,2026-01-01 00:00:00
271,,Jack,Khan,customer271@outlook.co.uk,07720952341,1967-06-02,GW4 4GH,NR0000271,online,True,2022-01-13,True,2016-12-09 21:52:00,2026-01-01 00:00:00
272,,Edward,Hughes,customer272@yahoo.com,07712799546,1981-12-13,AU7 2TX,NR0000272,click_collect,True,2019-09-30,True,2017-07-17 06:40:00,2026-01-01 00:00:00
273,,Charlie,Patel,customer273@gmail.co.uk,07707264930,1982-05-06,MH3 6MF,,freshmart_migration,True,2025-01-25,True,2016-01-04 13:27:00,2026-01-01 00:00:00
274,,Fatima,Patel,customer274@outlook.co.uk,07719865888,1966-11-10,IL1 9JC,NR0000274,click_collect,True,2023-10-15,True,2020-06-21 18:41:00,2026-01-01 00:00:00
275,,William,Miller,customer275@yahoo.co.uk,07775318641,1977-02-02,FG7 6RN,,online,True,2021-12-28,True,2022-05-08 06:49:00,2026-01-01 00:00:00
276,,Fatima,Garcia,customer276@gmail.com,07746938140,1994-09-03,OK4 4RD,NR0000276,store,True,,True,2016-08-27 15:00:00,2026-01-01 00:00:00
277,,Oliver,Brown,customer277@outlook.co.uk,07740952251,1995-05-18,LH9 4EM,NR0000277,online,True,2025-11-21,False,2021-07-15 22:02:00,2026-01-01 00:00:00
278,,Daniel,Garcia,customer278@yahoo.co.uk,07708067834,1980-06-24,ER5 1LX,,freshmart_migration,True,2025-10-18,True,2016-03-17 06:18:00,2026-01-01 00:00:00
279,,Poppy,Patel,customer279@gmail.co.uk,07731026926,1989-02-25,MS6 8VM,,online,True,2018-08-21,False,2020-12-08 15:21:00,2026-01-01 00:00:00
280,,Jessica,Patel,customer280@outlook.com,07799910431,1969-01-31,AR6 5FY,NR0000280,click_collect,False,2022-09-26,True,2024-02-20 06:35:00,2026-01-01 00:00:00
281,,Daniel,Davis,customer281@yahoo.co.uk,07720361927,1985-08-30,WP2 7MR,NR0000281,freshmart_migration,True,2020-02-09,True,2018-07-03 16:28:00,2026-01-01 00:00:00
282,,Lily,Jones,customer282@gmail.co.uk,07727750491,1967-06-07,NR4 3HR,NR0000282,store,True,2020-01-09,True,2021-05-02 11:20:00,2026-01-01 00:00:00
283,,Mohammed,MacDonald,customer283@outlook.co.uk,07771532887,1965-08-15,EV3 1TW,NR0000283,online,True,2025-07-15,True,2018-01-26 10:49:00,2026-01-01 00:00:00
284,,Thomas,Brown,customer284@yahoo.com,07717655789,1971-07-29,AY5 4OF,,store,True,2024-01-11,True,2020-04-04 17:11:00,2026-01-01 00:00:00
285,,Poppy,Patel,customer285@gmail.co.uk,07765960711,1997-07-06,DE1 7TA,NR0000285,online,True,2020-09-01,True,2015-09-28 11:59:00,2026-01-01 00:00:00
286,,Jack,Evans,customer286@outlook.co.uk,07765759022,1984-02-24,VW7 7TO,NR0000286,freshmart_migration,True,2024-10-22,True,2020-11-21 07:33:00,2026-01-01 00:00:00
287,,Emma,Singh,customer287@yahoo.co.uk,07761324136,1958-10-21,WF9 7YA,NR0000287,click_collect,True,,True,2019-06-19 15:49:00,2026-01-01 00:00:00
288,,Henry,Taylor,customer288@gmail.com,07761920968,1969-12-08,KO1 9WL,NR0000288,store,True,2024-12-16,True,2022-10-22 10:25:00,2026-01-01 00:00:00
289,,Amelia,Ahmed,customer289@outlook.co.uk,07760516875,1957-03-27,EO4 8CH,NR0000289,freshmart_migration,True,2019-10-13,True,2022-12-02 20:40:00,2026-01-01 00:00:00
290,,Charlotte,Williams,customer290@yahoo.co.uk,07770305568,1989-06-16,SY3 7NB,,store,True,2020-01-29,True,2016-08-15 11:49:00,2026-01-01 00:00:00
291,,Joseph,Johnson,customer291@gmail.co.uk,07756315301,1982-08-21,HT8 5PC,,store,False,2018-07-14,True,2024-08-04 21:34:00,2026-01-01 00:00:00
292,,Evie,Smith,customer292@outlook.com,07781602221,1999-04-09,FO8 8JB,NR0000292,store,True,2025-06-11,True,2024-04-03 12:03:00,2026-01-01 00:00:00
293,,Priya,Jones,customer293@yahoo.co.uk,07707390556,1986-04-24,AV5 6XB,NR0000293,store,True,2025-10-22,True,2021-09-02 11:29:00,2026-01-01 00:00:00
294,,Lucy,Hughes,customer294@gmail.co.uk,07748343701,1958-03-20,CH6 7UT,NR0000294,store,True,2021-06-22,True,2019-08-22 22:13:00,2026-01-01 00:00:00
295,,Joseph,Miller,customer295@outlook.co.uk,07782148463,1960-03-21,CS9 2LR,NR0000295,freshmart_migration,True,2021-12-11,True,2021-06-13 17:59:00,2026-01-01 00:00:00
296,,David,Evans,customer296@yahoo.com,07775515502,1999-07-14,MP8 3WF,NR0000296,store,False,,True,2016-04-28 12:51:00,2026-01-01 00:00:00
297,,Grace,Sharma,customer297@gmail.co.uk,07755571661,1959-01-30,IN4 1PR,NR0000297,store,True,2022-01-10,True,2016-04-11 16:21:00,2026-01-01 00:00:00
298,,Harry,Hughes,customer298@outlook.co.uk,07782677226,1957-08-12,UE6 8WU,NR0000298,online,True,2024-06-01,True,2020-03-09 19:59:00,2026-01-01 00:00:00
299,,Lucy,Johnson,customer299@yahoo.co.uk,07769937264,1981-11-08,NR9 9AN,NR0000299,click_collect,True,2021-07-16,True,2018-10-21 18:40:00,2026-01-01 00:00:00
300,,Lily,Garcia,customer300@gmail.com,07776635858,1989-12-13,EC5 6SG,,store,True,2021-10-15,True,2018-05-23 11:07:00,2026-01-01 00:00:00
301,,Charlotte,Johnson,customer301@outlook.co.uk,07727125189,1963-04-23,KA8 9DI,NR0000301,click_collect,True,2020-01-01,True,2016-02-07 22:43:00,2026-01-01 00:00:00
302,,David,Miller,customer302@yahoo.co.uk,07797250224,1958-04-12,LS9 2AX,NR0000302,online,True,2018-11-29,True,2023-08-05 15:01:00,2026-01-01 00:00:00
303,,William,Taylor,customer303@gmail.co.uk,07785745109,1973-10-29,HE5 9HK,,store,True,2025-05-19,True,2016-02-24 12:34:00,2026-01-01 00:00:00
304,,Charlotte,MacDonald,customer304@outlook.com,07742746321,1979-04-26,DR5 4EH,NR0000304,online,True,2023-09-04,True,2015-07-26 09:24:00,2026-01-01 00:00:00
305,,Sarah,Williams,customer305@yahoo.co.uk,07757239263,1990-02-28,EO8 6HU,NR0000305,freshmart_migration,True,,True,2023-07-29 20:36:00,2026-01-01 00:00:00
306,,David,Williams,customer306@gmail.co.uk,07793764425,1997-01-04,CH8 8FF,NR0000306,online,True,2020-06-14,True,2022-06-17 16:50:00,2026-01-01 00:00:00
307,,Poppy,Ahmed,customer307@outlook.co.uk,07760838623,1998-09-26,AL6 8LE,NR0000307,online,True,2022-12-11,True,2023-12-08 09:20:00,2026-01-01 00:00:00
308,,Lily,Williams,customer308@yahoo.com,07740549608,1996-05-10,JJ4 9DL,,store,True,2023-04-12,True,2018-11-02 13:11:00,2026-01-01 00:00:00
309,,Hannah,Williams,customer309@gmail.co.uk,07799236164,1998-08-28,CO6 9CK,NR0000309,online,False,2025-01-30,True,2019-04-02 16:31:00,2026-01-01 00:00:00
310,,Samuel,Johnson,customer310@outlook.co.uk,07712151134,1974-07-10,UW1 3PK,NR0000310,online,True,2021-12-11,True,2023-11-28 15:58:00,2026-01-01 00:00:00
311,,Isabella,Sharma,customer311@yahoo.co.uk,07796340306,1985-11-19,YN9 7VV,,online,True,,True,2019-01-11 09:55:00,2026-01-01 00:00:00
312,,Fatima,Smith,customer312@gmail.com,07731573535,1993-09-24,RJ6 7JK,,store,True,2022-09-16,True,2019-01-15 19:09:00,2026-01-01 00:00:00
313,,Fatima,Jones,customer313@outlook.co.uk,07718022414,1956-01-16,BA8 7YD,,click_collect,True,2025-03-04,True,2021-12-27 11:29:00,2026-01-01 00:00:00
314,,George,Sharma,customer314@yahoo.co.uk,07774094900,1995-05-18,JF7 1NV,,online,True,2024-11-09,True,2015-06-05 21:45:00,2026-01-01 00:00:00
315,,Charlotte,Brown,customer315@gmail.co.uk,07777882357,1998-03-14,YB9 5LB,NR0000315,store,True,2025-11-02,True,2015-11-16 15:39:00,2026-01-01 00:00:00
316,,Sarah,Ahmed,customer316@outlook.com,07771810948,1955-12-20,LM8 6KY,NR0000316,store,True,2025-02-04,True,2023-02-25 14:03:00,2026-01-01 00:00:00
317,,Samuel,Murphy,customer317@yahoo.co.uk,07777596783,1970-03-03,NP5 1GB,NR0000317,click_collect,True,2025-04-20,True,2024-08-14 14:00:00,2026-01-01 00:00:00
318,,Lucy,Brown,customer318@gmail.co.uk,07781043555,1970-08-31,WS8 6UG,NR0000318,online,True,2018-10-07,True,2015-12-12 10:38:00,2026-01-01 00:00:00
319,,Isabella,Jones,customer319@outlook.co.uk,07766565050,1992-01-18,TF8 3FS,NR0000319,freshmart_migration,True,2018-12-26,True,2019-06-22 21:19:00,2026-01-01 00:00:00
320,,Jessica,MacDonald,customer320@yahoo.com,07731361490,1989-01-27,RJ5 3MK,NR0000320,click_collect,True,2024-05-04,True,2015-06-18 09:58:00,2026-01-01 00:00:00
321,,Lily,Khan,customer321@gmail.co.uk,07757953319,1979-06-16,IG2 5PJ,NR0000321,freshmart_migration,True,2020-07-31,True,2022-08-07 11:20:00,2026-01-01 00:00:00
322,,Lily,Smith,customer322@outlook.co.uk,07790301937,1955-10-05,UA2 9CK,,store,True,,True,2015-08-21 12:38:00,2026-01-01 00:00:00
323,,Samuel,Brown,customer323@yahoo.co.uk,07795036231,1965-10-06,CO7 3WR,NR0000323,online,True,,True,2018-02-06 19:44:00,2026-01-01 00:00:00
324,,Edward,Ahmed,customer324@gmail.com,07734539133,1969-07-13,TG1 7JY,NR0000324,click_collect,True,2023-11-29,True,2017-04-01 18:11:00,2026-01-01 00:00:00
325,,Samuel,Murphy,customer325@outlook.co.uk,07714553291,1967-11-28,MK2 8SC,,online,True,2018-08-09,True,2016-09-01 06:59:00,2026-01-01 00:00:00
326,,Sarah,Patel,customer326@yahoo.co.uk,07735760499,1968-08-07,RW1 9RT,NR0000326,online,True,2019-03-08,True,2015-01-14 18:44:00,2026-01-01 00:00:00
327,,Henry,Murphy,customer327@gmail.co.uk,07716267678,1987-03-15,IH1 2IV,NR0000327,click_collect,True,2025-08-29,True,2021-03-21 07:24:00,2026-01-01 00:00:00
328,,Hannah,Miller,customer328@outlook.com,07740113698,1989-12-30,WP6 8CP,NR0000328,store,False,,True,2017-09-03 21:24:00,2026-01-01 00:00:00
329,,Mohammed,MacDonald,customer329@yahoo.co.uk,07786356711,1982-08-10,LY8 1AB,NR0000329,store,True,2025-09-23,True,2020-02-21 10:47:00,2026-01-01 00:00:00
330,,William,Davis,customer330@gmail.co.uk,07709668169,1958-04-23,SL1 8WO,,freshmart_migration,True,2018-12-15,True,2024-03-15 09:29:00,2026-01-01 00:00:00
331,,Grace,Garcia,customer331@outlook.co.uk,07779328380,1960-09-26,UC8 4BE,NR0000331,click_collect,True,2022-01-12,True,2022-09-03 10:20:00,2026-01-01 00:00:00
332,,Henry,Miller,customer332@yahoo.com,07706118522,1970-07-24,IC3 7EI,,store,True,,True,2024-07-02 18:49:00,2026-01-01 00:00:00
333,,Priya,Smith,customer333@gmail.co.uk,07765359668,1962-03-30,AE2 5JU,NR0000333,freshmart_migration,True,2021-06-07,True,2019-08-15 13:11:00,2026-01-01 00:00:00
334,,Grace,Johnson,customer334@outlook.co.uk,07780030269,1971-02-24,SO2 5IA,,store,True,2025-05-03,True,2023-07-15 22:14:00,2026-01-01 00:00:00
335,,Jack,Miller,customer335@yahoo.co.uk,07737101348,1959-10-05,EU8 8ER,,freshmart_migration,True,2021-03-19,True,2024-01-11 20:02:00,2026-01-01 00:00:00
336,,Emma,Johnson,customer336@gmail.com,07772123324,1970-10-12,DA9 2BF,NR0000336,online,True,2025-12-26,True,2017-07-31 09:20:00,2026-01-01 00:00:00
337,,Sophie,Brown,customer337@outlook.co.uk,07731825487,1992-01-06,VJ4 2LL,NR0000337,store,True,2020-05-23,True,2016-07-12 20:46:00,2026-01-01 00:00:00
338,,Thomas,Khan,customer338@yahoo.co.uk,07736197787,1973-02-21,IA1 5DV,NR0000338,store,True,2021-09-14,True,2023-11-08 11:36:00,2026-01-01 00:00:00
339,,Lily,Davis,customer339@gmail.co.uk,07711606388,1991-12-08,VL4 8VG,NR0000339,freshmart_migration,True,2023-04-07,True,2024-12-31 10:58:00,2026-01-01 00:00:00
340,,William,Smith,customer340@outlook.com,07756072388,1958-12-20,AL9 1KJ,NR0000340,freshmart_migration,True,2021-02-03,True,2023-06-12 06:44:00,2026-01-01 00:00:00
341,,Lucy,Sharma,customer341@yahoo.co.uk,07729260335,1966-11-27,IF2 1LH,NR0000341,click_collect,True,2023-07-01,True,2016-07-21 18:11:00,2026-01-01 00:00:00
342,,Evie,Khan,customer342@gmail.co.uk,07784129142,1996-08-27,RA2 7WH,,online,True,2025-04-06,True,2023-11-29 12:50:00,2026-01-01 00:00:00
343,,Hannah,Williams,customer343@outlook.co.uk,07783276088,1985-02-12,SB6 1CI,NR0000343,store,True,2019-02-23,True,2023-09-04 12:08:00,2026-01-01 00:00:00
344,,Oliver,Davis,customer344@yahoo.com,07772428426,1965-03-10,PS4 4HW,NR0000344,online,True,,True,2020-06-14 22:33:00,2026-01-01 00:00:00
345,,Henry,Brown,customer345@gmail.co.uk,07763104323,1981-03-21,KI2 4WK,,store,True,2019-08-15,True,2016-04-03 10:31:00,2026-01-01 00:00:00
346,,David,Miller,customer346@outlook.co.uk,07769885511,1957-01-13,HY9 3LK,NR0000346,store,True,,True,2017-08-09 22:41:00,2026-01-01 00:00:00
347,,Oliver,Sharma,customer347@yahoo.co.uk,07777672417,1985-10-02,PT8 9VK,NR0000347,store,True,2021-04-23,True,2019-03-04 15:49:00,2026-01-01 00:00:00
348,,Poppy,Johnson,customer348@gmail.com,07719909634,1986-09-06,GX3 9GY,NR0000348,freshmart_migration,True,2020-03-15,True,2015-06-18 16:36:00,2026-01-01 00:00:00
349,,David,Singh,customer349@outlook.co.uk,07734951262,1988-03-01,EN1 6YD,NR0000349,store,True,2018-09-04,True,2020-08-07 10:29:00,2026-01-01 00:00:00
350,,Isabella,Ahmed,customer350@yahoo.co.uk,07720945115,1955-05-21,YN9 6PH,NR0000350,click_collect,True,2020-01-17,True,2023-03-04 20:21:00,2026-01-01 00:00:00
351,,Joseph,Brown,customer351@gmail.co.uk,07798199128,1997-12-21,WD9 2HJ,NR0000351,online,True,2025-03-19,True,2021-07-17 22:14:00,2026-01-01 00:00:00
352,,Evie,Wilson,customer352@outlook.com,07726268513,1957-01-08,CV2 9JL,NR0000352,online,True,2022-06-11,True,2023-01-11 19:23:00,2026-01-01 00:00:00
353,,Harry,Khan,customer353@yahoo.co.uk,07701636220,1980-07-15,IH8 9CS,NR0000353,online,True,2023-02-24,True,2019-08-24 10:53:00,2026-01-01 00:00:00
354,,William,Evans,customer354@gmail.co.uk,07711553190,1967-11-20,EL9 6BY,NR0000354,store,False,2021-06-17,True,2021-03-26 20:45:00,2026-01-01 00:00:00
355,,William,Jones,customer355@outlook.co.uk,07726743897,1971-09-09,UG8 1UH,NR0000355,online,True,2018-09-11,True,2016-09-22 14:19:00,2026-01-01 00:00:00
356,,Samuel,Murphy,customer356@yahoo.com,07716666744,1980-10-22,KL4 1CG,NR0000356,store,True,2023-10-14,True,2024-09-26 14:40:00,2026-01-01 00:00:00
357,,Hannah,Murphy,customer357@gmail.co.uk,07793179999,1965-09-23,IS1 5DB,NR0000357,freshmart_migration,True,2021-06-14,True,2022-02-19 17:03:00,2026-01-01 00:00:00
358,,Fatima,Taylor,customer358@outlook.co.uk,07771083363,1961-11-22,MT3 2OE,NR0000358,store,True,2021-10-09,True,2022-10-29 17:06:00,2026-01-01 00:00:00
359,,Lily,Hughes,customer359@yahoo.co.uk,07747194894,1967-11-23,AM6 8JX,,store,True,2020-07-04,True,2021-04-07 22:54:00,2026-01-01 00:00:00
360,,Lily,MacDonald,customer360@gmail.com,07794256397,1965-03-23,KW2 3XL,NR0000360,store,True,2025-02-04,True,2018-11-02 11:45:00,2026-01-01 00:00:00
361,,Fatima,Smith,customer361@outlook.co.uk,07799919758,1965-08-22,FV3 4HF,NR0000361,online,True,2019-04-08,False,2020-06-06 19:02:00,2026-01-01 00:00:00
362,,Thomas,Brown,customer362@yahoo.co.uk,07704401363,1960-04-26,LW1 2HA,,store,True,2020-08-21,True,2018-12-10 06:05:00,2026-01-01 00:00:00
363,,David,Wilson,customer363@gmail.co.uk,07777812909,1986-03-16,IV4 9NC,NR0000363,store,True,2021-07-22,True,2023-06-16 06:46:00,2026-01-01 00:00:00
364,,Emma,Miller,customer364@outlook.com,07767671943,1997-08-03,IO8 2EI,NR0000364,store,True,2021-12-02,True,2016-03-27 22:08:00,2026-01-01 00:00:00
365,,Jessica,Khan,customer365@yahoo.co.uk,07794587382,1980-11-11,NA6 8CG,NR0000365,store,True,2020-12-05,True,2018-04-05 19:12:00,2026-01-01 00:00:00
366,,Poppy,Williams,customer366@gmail.co.uk,07763844258,1987-12-19,EY8 2JM,NR0000366,store,True,2025-01-06,True,2023-04-25 11:04:00,2026-01-01 00:00:00
367,,Charlotte,Miller,customer367@outlook.co.uk,07745450370,1972-12-19,OY2 4VS,NR0000367,freshmart_migration,True,2025-08-13,True,2018-12-29 21:42:00,2026-01-01 00:00:00
368,,Grace,Patel,customer368@yahoo.com,07765032899,2000-11-18,GT2 2GL,NR0000368,store,False,2019-02-28,True,2015-04-20 11:24:00,2026-01-01 00:00:00
369,,Grace,Ahmed,customer369@gmail.co.uk,07720499966,1982-02-28,OC2 9TU,,freshmart_migration,True,2024-06-23,True,2024-08-22 06:48:00,2026-01-01 00:00:00
370,,Sarah,Sharma,customer370@outlook.co.uk,07715989909,1989-06-01,KV8 8AE,NR0000370,click_collect,True,2023-11-28,True,2018-07-03 18:31:00,2026-01-01 00:00:00
371,,Charlie,Brown,customer371@yahoo.co.uk,07776350455,1999-01-04,PR8 8ND,,store,True,2025-04-24,True,2023-08-06 15:20:00,2026-01-01 00:00:00
372,,Sarah,Smith,customer372@gmail.com,07779250658,1959-01-18,DI1 6JK,NR0000372,online,True,2021-03-04,True,2018-07-02 08:58:00,2026-01-01 00:00:00
373,,Joseph,Williams,customer373@outlook.co.uk,07740924657,1965-04-08,IA6 1LV,NR0000373,online,True,2024-12-27,False,2018-07-20 18:36:00,2026-01-01 00:00:00
374,,Harry,Ahmed,customer374@yahoo.co.uk,07776844836,1963-10-08,UC4 6LU,NR0000374,store,True,2023-04-14,True,2022-02-15 08:53:00,2026-01-01 00:00:00
375,,Poppy,MacDonald,customer375@gmail.co.uk,07728733345,1980-10-12,GH7 4OX,NR0000375,online,True,2019-02-24,True,2020-12-15 21:27:00,2026-01-01 00:00:00
376,,Thomas,Khan,customer376@outlook.com,07710289344,1982-01-29,MH9 6EJ,NR0000376,online,True,2018-08-09,True,2020-10-15 11:36:00,2026-01-01 00:00:00
377,,Jessica,Miller,customer377@yahoo.co.uk,07788691908,1996-12-03,GP7 1MI,,store,True,2023-04-12,True,2024-08-24 08:40:00,2026-01-01 00:00:00
378,,Thomas,Sharma,customer378@gmail.co.uk,07735827376,1980-10-01,PG4 7FD,,click_collect,True,2024-09-03,True,2019-09-25 07:12:00,2026-01-01 00:00:00
379,,Priya,Wilson,customer379@outlook.co.uk,07718311409,1957-08-12,GU9 3PB,NR0000379,click_collect,False,2019-05-03,True,2018-05-05 08:57:00,2026-01-01 00:00:00
380,,Amelia,Khan,customer380@yahoo.com,07790150299,1963-02-07,JV3 4CS,NR0000380,online,True,2024-04-14,True,2024-12-02 08:15:00,2026-01-01 00:00:00
381,,Grace,Brown,customer381@gmail.co.uk,07742065222,1984-07-17,US4 7FC,,store,True,2025-01-02,True,2020-12-25 17:44:00,2026-01-01 00:00:00
382,,Emma,Ahmed,customer382@outlook.co.uk,07773248658,1993-01-07,LF5 3IS,NR0000382,store,True,2018-10-14,True,2022-06-05 07:44:00,2026-01-01 00:00:00
383,,Isabella,Davis,customer383@yahoo.co.uk,07733954789,1989-07-06,HY6 2MF,NR0000383,store,True,2021-04-05,True,2024-03-23 13:19:00,2026-01-01 00:00:00
384,,Thomas,Garcia,customer384@gmail.com,07758900892,1983-06-16,WT7 1GB,NR0000384,online,True,2022-02-15,True,2024-10-31 09:52:00,2026-01-01 00:00:00
385,,Priya,Wilson,customer385@outlook.co.uk,07767959068,1960-12-14,IO9 6KA,,freshmart_migration,True,2025-08-01,True,2019-06-30 12:40:00,2026-01-01 00:00:00
386,,Fatima,Ahmed,customer386@yahoo.co.uk,07777283822,1962-05-18,CF3 7UH,NR0000386,freshmart_migration,True,2025-01-17,True,2023-12-19 15:12:00,2026-01-01 00:00:00
387,,Mohammed,Sharma,customer387@gmail.co.uk,07749338378,1971-04-27,JJ4 1XX,NR0000387,freshmart_migration,True,2023-08-01,True,2022-11-12 11:03:00,2026-01-01 00:00:00
388,,Harry,Evans,customer388@outlook.com,07757566435,1978-05-04,DX3 2AM,NR0000388,online,True,2020-11-29,True,2017-02-19 14:18:00,2026-01-01 00:00:00
389,,Lucy,Murphy,customer389@yahoo.co.uk,07751281039,1966-09-06,KE4 5SE,,click_collect,True,2021-05-01,True,2020-01-22 13:23:00,2026-01-01 00:00:00
390,,William,Singh,customer390@gmail.co.uk,07711507650,1955-12-05,LV7 4SS,NR0000390,store,False,2018-12-24,True,2017-08-19 21:58:00,2026-01-01 00:00:00
391,,Charlotte,Evans,customer391@outlook.co.uk,07790032116,1959-01-31,AM7 5YR,,online,False,2020-04-19,True,2018-10-21 20:08:00,2026-01-01 00:00:00
392,,Mohammed,Ahmed,customer392@yahoo.com,07795328889,1993-11-03,DC1 3LY,NR0000392,store,True,2021-05-07,True,2023-07-17 14:33:00,2026-01-01 00:00:00
393,,Oliver,Sharma,customer393@gmail.co.uk,07722143753,1983-04-23,SL3 9VP,NR0000393,store,True,,True,2020-04-10 14:10:00,2026-01-01 00:00:00
394,,Joseph,Singh,customer394@outlook.co.uk,07758576625,1965-05-29,YX1 8IS,NR0000394,online,True,2020-01-21,True,2016-01-19 12:55:00,2026-01-01 00:00:00
395,,Fatima,Garcia,customer395@yahoo.co.uk,07722588172,2000-08-22,UN4 1MN,NR0000395,store,True,2019-06-15,True,2015-04-17 15:43:00,2026-01-01 00:00:00
396,,Hannah,Brown,customer396@gmail.com,07752904575,1988-07-06,OX6 3AL,NR0000396,online,True,2025-01-21,True,2018-09-11 07:41:00,2026-01-01 00:00:00
397,,Grace,Singh,customer397@outlook.co.uk,07743609415,1966-08-08,FB5 6US,NR0000397,online,True,2020-05-23,True,2023-08-24 18:05:00,2026-01-01 00:00:00
398,,James,Miller,customer398@yahoo.co.uk,07721869528,1989-11-08,TG3 2HU,NR0000398,store,True,2022-06-03,True,2024-05-01 17:32:00,2026-01-01 00:00:00
399,,Thomas,Murphy,customer399@gmail.co.uk,07759786268,1989-10-25,LN7 2TU,NR0000399,online,True,2024-02-25,True,2020-03-13 13:41:00,2026-01-01 00:00:00
400,,Hannah,Jones,customer400@outlook.com,07766481027,1962-07-14,GK8 5DD,NR0000400,click_collect,True,2024-10-08,True,2015-11-10 07:32:00,2026-01-01 00:00:00
401,,Amelia,Sharma,,07712681476,1996-09-07,PN5 6GB,NR0000401,freshmart_migration,True,2020-05-29,True,2024-06-14 18:02:00,2026-01-01 00:00:00
402,,Edward,Taylor,,07742137166,1995-10-27,TK5 6YV,,freshmart_migration,True,2025-03-03,True,2022-07-21 09:27:00,2026-01-01 00:00:00
403,,James,Patel,customer403@outlook.co.uk,07715660291,1956-03-11,EL7 8HU,NR0000403,freshmart_migration,True,2025-12-19,True,2018-05-24 08:08:00,2026-01-01 00:00:00
404,,Thomas,Brown,,07702132081,1971-11-20,VF3 4KP,NR0000404,freshmart_migration,True,2023-08-05,True,2019-09-25 06:07:00,2026-01-01 00:00:00
405,,David,Singh,,07765101884,1997-04-19,AK4 4HU,NR0000405,freshmart_migration,True,2023-03-28,True,2024-07-07 21:47:00,2026-01-01 00:00:00
406,,Lucy,MacDonald,customer406@outlook.co.uk,07739027097,1958-04-27,LL8 4SM,NR0000406,freshmart_migration,True,,True,2019-09-05 21:07:00,2026-01-01 00:00:00
407,,Samuel,Khan,customer407@yahoo.co.uk,07760173215,1994-02-19,AG4 8IF,,freshmart_migration,True,2025-02-23,True,2023-01-08 20:08:00,2026-01-01 00:00:00
408,,Lucy,Patel,customer408@gmail.com,07755950146,1987-04-27,UU3 4GS,NR0000408,freshmart_migration,True,2025-03-10,True,2023-11-25 19:31:00,2026-01-01 00:00:00
409,,Thomas,MacDonald,,07706314854,1956-08-17,IG3 3UW,,freshmart_migration,False,2025-04-27,True,2021-04-20 13:31:00,2026-01-01 00:00:00
410,,Oliver,Khan,,07706264794,1978-12-31,WV9 2RX,NR0000410,freshmart_migration,True,2019-08-22,True,2023-10-07 09:52:00,2026-01-01 00:00:00
411,,George,Brown,customer411@gmail.co.uk,07722420574,1965-08-04,VW3 5RT,NR0000411,freshmart_migration,True,2022-06-22,True,2016-07-18 09:54:00,2026-01-01 00:00:00
412,,Amelia,Smith,,07732925764,1997-06-30,IM2 5IT,NR0000412,freshmart_migration,True,2024-05-02,True,2017-07-23 10:51:00,2026-01-01 00:00:00
413,,Isabella,Sharma,customer413@yahoo.co.uk,07761572793,1987-06-16,XK1 9XC,NR0000413,freshmart_migration,True,2019-01-31,True,2015-06-01 10:57:00,2026-01-01 00:00:00
414,,Samuel,O Brien,customer414@gmail.co.uk,07739691460,1992-08-13,JR9 5SH,NR0000414,freshmart_migration,True,2025-03-29,True,2022-11-08 18:28:00,2026-01-01 00:00:00
415,,Edward,MacDonald,customer415@outlook.co.uk,07783800137,1994-09-01,RW7 4WC,NR0000415,freshmart_migration,True,2019-10-23,True,2021-01-24 15:13:00,2026-01-01 00:00:00
416,,Lily,Taylor,,07769972515,1985-07-26,TD1 9OF,NR0000416,freshmart_migration,True,2019-08-20,True,2024-06-09 17:16:00,2026-01-01 00:00:00
417,,Charlotte,Brown,customer417@gmail.co.uk,07706406597,1966-03-11,KN1 8IF,NR0000417,freshmart_migration,True,2025-06-08,True,2024-06-21 13:22:00,2026-01-01 00:00:00
418,,Hannah,Hughes,,07790252537,1967-07-23,SM4 2HN,NR0000418,freshmart_migration,True,2023-03-03,True,2015-12-02 08:03:00,2026-01-01 00:00:00
419,,David,Murphy,customer419@yahoo.co.uk,07728827874,1995-01-10,BR7 9MJ,NR0000419,freshmart_migration,True,2023-05-01,True,2020-06-28 19:52:00,2026-01-01 00:00:00
420,,George,Jones,,07765063976,1996-01-24,DR9 2RK,,freshmart_migration,True,2019-09-23,True,2019-08-01 09:07:00,2026-01-01 00:00:00
421,,Fatima,Johnson,customer421@outlook.co.uk,07770166008,1968-10-02,CH6 5HA,,freshmart_migration,True,2021-10-25,True,2017-06-02 11:52:00,2026-01-01 00:00:00
422,,James,Brown,customer422@yahoo.co.uk,07773489212,1986-04-12,BB8 5NW,NR0000422,freshmart_migration,True,2025-03-09,True,2016-07-21 22:40:00,2026-01-01 00:00:00
423,,Jack,Singh,customer423@gmail.co.uk,07719996104,1984-03-05,CO7 7FJ,NR0000423,freshmart_migration,True,2021-07-04,True,2024-09-16 11:45:00,2026-01-01 00:00:00
424,,Samuel,Taylor,,07775302098,1966-02-08,PC9 1XM,NR0000424,freshmart_migration,True,,True,2020-12-18 11:01:00,2026-01-01 00:00:00
425,,Thomas,Davis,,07794706404,1994-11-08,CM6 7OL,NR0000425,freshmart_migration,True,2018-08-31,True,2018-07-23 18:16:00,2026-01-01 00:00:00
426,,Emma,MacDonald,,07722569515,1980-08-07,DG2 3HJ,,freshmart_migration,True,2018-09-13,True,2018-05-05 18:06:00,2026-01-01 00:00:00
427,,Amelia,Ahmed,,07734619354,1988-09-08,XW1 4FO,,freshmart_migration,True,2019-09-08,True,2018-07-27 20:35:00,2026-01-01 00:00:00
428,,Jessica,Smith,customer428@yahoo.com,07754692890,1975-12-21,WA9 2FN,NR0000428,freshmart_migration,True,2019-05-03,True,2020-08-11 12:50:00,2026-01-01 00:00:00
429,,Charlotte,MacDonald,customer429@gmail.co.uk,07722573855,1976-12-29,MK9 8BU,NR0000429,freshmart_migration,True,2020-04-09,False,2020-05-29 14:38:00,2026-01-01 00:00:00
430,,Hannah,Patel,,07747166514,1974-02-01,OM1 3SN,NR0000430,freshmart_migration,True,2019-12-18,True,2018-02-18 19:13:00,2026-01-01 00:00:00
431,,Evie,Ahmed,customer431@yahoo.co.uk,07791550045,1985-09-27,PY8 5FY,NR0000431,freshmart_migration,True,2018-07-29,True,2016-07-01 06:38:00,2026-01-01 00:00:00
432,,Edward,Smith,customer432@gmail.com,07790289125,1970-07-27,JW8 7MT,NR0000432,freshmart_migration,False,,True,2022-07-13 20:43:00,2026-01-01 00:00:00
433,,Henry,Patel,,07780706579,1987-02-11,JV1 2LX,NR0000433,freshmart_migration,True,,True,2022-12-14 17:12:00,2026-01-01 00:00:00
434,,Grace,Taylor,,07796342764,1974-11-03,FL6 1GW,NR0000434,freshmart_migration,True,2025-07-22,True,2024-10-03 14:36:00,2026-01-01 00:00:00
435,,Priya,MacDonald,customer435@gmail.co.uk,07726007403,1970-09-30,BD2 3GN,,freshmart_migration,True,2020-07-18,True,2015-04-05 14:43:00,2026-01-01 00:00:00
436,,Jack,Smith,customer436@outlook.com,07757326334,1959-08-27,VH7 5CM,NR0000436,freshmart_migration,True,,True,2015-07-12 14:58:00,2026-01-01 00:00:00
437,,Jack,Ahmed,customer437@yahoo.co.uk,07700692467,1990-02-26,EB1 4YK,,freshmart_migration,True,2021-11-18,True,2022-01-05 09:01:00,2026-01-01 00:00:00
438,,Evie,Smith,customer438@gmail.co.uk,07779528133,1984-12-28,VF8 4YU,NR0000438,freshmart_migration,True,2019-03-19,True,2021-12-12 20:48:00,2026-01-01 00:00:00
439,,Jack,Hughes,,07716753912,1962-09-03,YX7 6WR,NR0000439,freshmart_migration,False,2019-01-04,True,2022-01-08 19:04:00,2026-01-01 00:00:00
440,,Sarah,MacDonald,,07707006587,1981-06-16,VJ7 4VT,NR0000440,freshmart_migration,True,2023-03-13,True,2021-12-11 09:21:00,2026-01-01 00:00:00
441,,Hannah,Smith,customer441@gmail.co.uk,07760945151,1984-06-11,OC1 2OV,NR0000441,freshmart_migration,True,2022-05-19,True,2023-02-16 20:11:00,2026-01-01 00:00:00
442,,Evie,Johnson,,07708118989,1966-06-15,HK6 5OM,,freshmart_migration,True,2021-08-29,True,2015-02-03 22:37:00,2026-01-01 00:00:00
443,,David,Johnson,customer443@yahoo.co.uk,07731861591,2000-06-29,UN1 7IY,NR0000443,freshmart_migration,True,,True,2020-05-02 20:38:00,2026-01-01 00:00:00
444,,Poppy,Hughes,customer444@gmail.com,07775980240,1985-02-10,OK3 2KT,,freshmart_migration,True,,True,2017-08-01 20:39:00,2026-01-01 00:00:00
445,,Jessica,Ahmed,,07799332042,1988-09-21,EE1 6AI,NR0000445,freshmart_migration,True,2025-06-22,True,2023-08-02 17:02:00,2026-01-01 00:00:00
446,,Thomas,Miller,customer446@yahoo.co.uk,07738131375,1970-08-16,FG3 6VF,,freshmart_migration,True,2019-07-13,False,2022-08-06 10:24:00,2026-01-01 00:00:00
447,,Edward,Brown,customer447@gmail.co.uk,07745417034,1973-11-11,HF6 3XY,NR0000447,freshmart_migration,True,2019-02-16,True,2024-11-24 10:50:00,2026-01-01 00:00:00
448,,Lily,Patel,,07793194602,1988-07-29,HK4 1TO,NR0000448,freshmart_migration,True,2021-03-02,True,2023-12-03 14:55:00,2026-01-01 00:00:00
449,,George,Hughes,,07765631212,1973-10-09,ST2 3MT,NR0000449,freshmart_migration,True,2023-08-08,True,2022-12-28 17:33:00,2026-01-01 00:00:00
450,,Joseph,Murphy,customer450@gmail.co.uk,07763586743,1979-01-27,NP1 4FE,NR0000450,freshmart_migration,True,2022-08-16,True,2024-06-12 17:16:00,2026-01-01 00:00:00
451,,David,Williams,customer451@outlook.co.uk,07739600674,1994-11-17,MF1 8MI,NR0000451,freshmart_migration,True,2023-12-22,True,2019-04-16 06:11:00,2026-01-01 00:00:00
452,,Daniel,Williams,customer452@yahoo.com,07748196637,1962-05-24,HM9 2TX,,freshmart_migration,False,,True,2017-03-16 16:16:00,2026-01-01 00:00:00
453,,Henry,Wilson,,07725587594,1967-05-15,YT9 5AH,NR0000453,freshmart_migration,True,2022-12-11,True,2023-07-01 06:30:00,2026-01-01 00:00:00
454,,Charlie,Jones,customer454@outlook.co.uk,07753352256,1975-06-02,FS8 4MT,NR0000454,freshmart_migration,True,2019-05-11,True,2017-02-08 19:49:00,2026-01-01 00:00:00
455,,Amelia,Miller,customer455@yahoo.co.uk,07758878740,1995-05-15,VA3 3HS,NR0000455,freshmart_migration,True,2020-12-03,True,2022-09-09 18:48:00,2026-01-01 00:00:00
456,,Lily,Taylor,customer456@gmail.com,07743765651,1957-01-31,NA3 3YY,NR0000456,freshmart_migration,True,2024-10-30,True,2019-04-11 12:25:00,2026-01-01 00:00:00
457,,Harry,Miller,,07763723578,1964-09-29,HY5 2ER,,freshmart_migration,True,2018-09-11,True,2015-10-12 18:18:00,2026-01-01 00:00:00
458,,Fatima,O Brien,,07709392480,1995-10-16,BM3 6VJ,,freshmart_migration,True,2023-10-04,True,2019-05-13 12:08:00,2026-01-01 00:00:00
459,,Fatima,Sharma,customer459@gmail.co.uk,07795250511,1997-08-05,DN5 4MR,NR0000459,freshmart_migration,False,2019-02-11,True,2021-10-13 13:33:00,2026-01-01 00:00:00
460,,William,Murphy,,07761767610,1996-07-05,NS5 8IV,NR0000460,freshmart_migration,True,2020-05-11,True,2017-01-05 19:29:00,2026-01-01 00:00:00
461,,Hannah,Garcia,customer461@yahoo.co.uk,07793754040,1963-07-28,JX4 3GP,NR0000461,freshmart_migration,True,2020-10-30,True,2019-08-12 09:23:00,2026-01-01 00:00:00
462,,Emma,O Brien,,07743756742,1991-10-17,KG9 1LB,NR0000462,freshmart_migration,True,2022-11-15,True,2019-06-13 07:00:00,2026-01-01 00:00:00
463,,Joseph,Jones,,07743904009,1996-08-25,LB9 4SK,NR0000463,freshmart_migration,True,2018-08-06,True,2016-12-26 15:07:00,2026-01-01 00:00:00
464,,Harry,Garcia,customer464@yahoo.com,07710413322,1956-01-03,RD6 3FA,NR0000464,freshmart_migration,True,2025-07-07,True,2022-03-10 09:24:00,2026-01-01 00:00:00
465,,Jack,Johnson,customer465@gmail.co.uk,07780289763,1955-06-02,BJ4 4IF,,freshmart_migration,True,2022-03-05,True,2022-08-17 08:14:00,2026-01-01 00:00:00
466,,Emma,Garcia,customer466@outlook.co.uk,07797175178,1969-12-26,BM6 6NE,,freshmart_migration,True,2019-10-01,True,2016-03-09 17:20:00,2026-01-01 00:00:00
467,,Harry,Ahmed,,07701608113,1989-11-30,FF5 6BW,NR0000467,freshmart_migration,True,2019-07-16,True,2023-11-16 11:16:00,2026-01-01 00:00:00
468,,Grace,Ahmed,customer468@gmail.com,07784674464,1989-11-10,RY3 6ET,NR0000468,freshmart_migration,True,2019-02-25,True,2021-10-28 20:24:00,2026-01-01 00:00:00
469,,Lucy,Davis,customer469@outlook.co.uk,07767567894,1956-03-11,FO2 5FK,,freshmart_migration,False,2023-12-27,True,2016-09-13 18:13:00,2026-01-01 00:00:00
470,,Sophie,Evans,customer470@yahoo.co.uk,07759555922,1984-06-27,DH1 9UJ,NR0000470,freshmart_migration,True,2022-02-09,True,2017-04-23 07:58:00,2026-01-01 00:00:00
471,,Isabella,Davis,customer471@gmail.co.uk,07792254533,1974-12-16,OJ6 3KA,NR0000471,store,True,,True,2017-04-16 10:05:00,2026-01-01 00:00:00
472,,Priya,Hughes,customer472@outlook.com,07773665010,1973-05-02,FB8 5DE,NR0000472,online,True,2023-06-04,True,2017-04-04 14:55:00,2026-01-01 00:00:00
473,,Evie,Murphy,customer473@yahoo.co.uk,07710739561,1987-04-05,JE8 7MS,NR0000473,click_collect,True,2022-09-03,True,2015-12-07 15:38:00,2026-01-01 00:00:00
474,,Lily,Jones,customer474@gmail.co.uk,07774202557,1970-10-06,GL8 5JO,,store,True,2020-07-09,False,2024-08-30 22:46:00,2026-01-01 00:00:00
475,,Lucy,Khan,customer475@outlook.co.uk,07765961801,1991-04-18,XX6 7LP,NR0000475,online,True,2019-10-16,True,2021-05-05 11:12:00,2026-01-01 00:00:00
476,,Charlie,Sharma,customer476@yahoo.com,07734260204,1986-04-10,ML6 1PX,NR0000476,store,True,2022-06-13,True,2022-08-02 06:44:00,2026-01-01 00:00:00
477,,Hannah,Jones,customer477@gmail.co.uk,07735075212,1995-11-11,XD4 3AT,NR0000477,online,True,2019-04-19,True,2017-02-12 19:10:00,2026-01-01 00:00:00
478,,Henry,Sharma,customer478@outlook.co.uk,07733939802,1982-02-11,MM7 5ST,NR0000478,click_collect,True,2022-04-04,True,2018-01-06 12:59:00,2026-01-01 00:00:00
479,,Lucy,Patel,customer479@yahoo.co.uk,07793819399,1982-08-22,AE8 1CT,NR0000479,online,True,2020-04-22,True,2017-02-02 10:12:00,2026-01-01 00:00:00
480,,Jessica,Garcia,customer480@gmail.com,07767459675,1964-11-21,KU3 4BE,NR0000480,store,True,2023-05-04,True,2022-01-01 09:55:00,2026-01-01 00:00:00
481,,Samuel,Garcia,customer481@outlook.co.uk,07710711890,1981-04-19,CC2 6AF,NR0000481,click_collect,True,,True,2015-01-30 07:06:00,2026-01-01 00:00:00
482,,Thomas,O Brien,customer482@yahoo.co.uk,07700974683,1988-09-13,OY5 8LI,NR0000482,store,True,2021-12-06,True,2019-01-19 18:24:00,2026-01-01 00:00:00
483,,Grace,Johnson,customer483@gmail.co.uk,07747785434,1984-08-17,UA7 3AC,NR0000483,freshmart_migration,True,2023-06-19,True,2022-05-22 21:32:00,2026-01-01 00:00:00
484,,Amelia,Miller,customer484@outlook.com,07700419981,1983-11-27,AI1 6RF,NR0000484,freshmart_migration,True,2023-03-12,True,2020-05-04 09:46:00,2026-01-01 00:00:00
485,,Harry,Taylor,customer485@yahoo.co.uk,07781493489,1972-07-02,SV9 1DU,NR0000485,freshmart_migration,True,2023-08-19,True,2020-01-02 09:30:00,2026-01-01 00:00:00
486,,Hannah,MacDonald,customer486@gmail.co.uk,07732333267,1976-10-31,FT2 2KS,,store,True,2020-11-12,True,2022-06-20 21:57:00,2026-01-01 00:00:00
487,,Hannah,Brown,customer487@outlook.co.uk,07789318726,1967-03-07,XP8 2UH,,online,True,2025-08-13,True,2023-01-17 18:41:00,2026-01-01 00:00:00
488,,Samuel,MacDonald,customer488@yahoo.com,07758648080,1975-12-08,FC2 2CS,NR0000488,freshmart_migration,True,2019-10-28,True,2019-04-07 06:19:00,2026-01-01 00:00:00
489,,Sarah,Hughes,customer489@gmail.co.uk,07771887423,1972-01-13,VY6 6UX,,freshmart_migration,True,2022-10-30,False,2024-07-23 20:20:00,2026-01-01 00:00:00
490,,David,Taylor,customer490@outlook.co.uk,07729380829,1999-11-04,RD5 3SV,NR0000490,store,True,2019-10-12,True,2024-07-04 21:40:00,2026-01-01 00:00:00
491,,Henry,Miller,customer491@yahoo.co.uk,07766441201,1981-02-24,RJ6 3UF,NR0000491,click_collect,True,2020-05-27,True,2023-02-27 18:19:00,2026-01-01 00:00:00
492,,Henry,Garcia,customer492@gmail.com,07702894515,1990-03-12,IR6 7JM,NR0000492,freshmart_migration,True,2024-07-16,True,2016-06-20 16:48:00,2026-01-01 00:00:00
493,,Evie,Hughes,customer493@outlook.co.uk,07707264306,1982-04-12,KD3 8RG,,store,True,2025-09-12,False,2023-02-21 09:43:00,2026-01-01 00:00:00
494,,Evie,Jones,customer494@yahoo.co.uk,07750540462,1993-04-26,RE1 2IL,NR0000494,store,True,2025-01-18,True,2016-08-31 18:15:00,2026-01-01 00:00:00
495,,Sarah,Brown,customer495@gmail.co.uk,07732327067,1990-08-02,LR3 7TY,NR0000495,store,True,2025-09-08,True,2022-02-03 20:23:00,2026-01-01 00:00:00
496,,James,Brown,customer496@outlook.com,07715653496,1962-05-31,CP9 4AN,NR0000496,store,True,2025-01-16,True,2020-06-06 19:19:00,2026-01-01 00:00:00
497,,William,Jones,customer497@yahoo.co.uk,07713346779,1984-03-06,BW9 3JR,NR0000497,click_collect,True,2023-11-16,True,2024-05-21 09:48:00,2026-01-01 00:00:00
498,,Charlie,Miller,customer498@gmail.co.uk,07788393430,1965-07-11,EO3 1NU,,store,True,2019-05-19,True,2024-07-19 07:05:00,2026-01-01 00:00:00
499,,Emma,O Brien,customer499@outlook.co.uk,07740074450,1987-08-14,YE1 4HX,NR0000499,click_collect,True,2019-12-18,True,2022-10-18 16:33:00,2026-01-01 00:00:00
500,,Isabella,Khan,customer500@yahoo.com,07781359046,2000-10-22,FC1 4AD,NR0000500,store,True,2020-10-25,True,2018-02-10 10:46:00,2026-01-01 00:00:00
